{"accuracy": 0.25, "ARI": 1.0, "NMI": 1.0, "normalized_loss": 0.11265047161738277, "reconstruction_error": 0.19783200150754737, "proportion_negatives": 0.0, "_timestamp": 1752688682.5611038, "_runtime": 42.63994073867798, "_step": 0, "_wandb": {"runtime": 42}}