{"accuracy": 0.25, "ARI": 1.0, "NMI": 1.0, "normalized_loss": 0.11660470084110658, "reconstruction_error": 0.20786858449075277, "proportion_negatives": 0.0, "_timestamp": 1752686177.057396, "_runtime": 14.63107705116272, "_step": 0, "_wandb": {"runtime": 15}}