{"accuracy": 0.12666666666666668, "ARI": 0.11335757137014364, "NMI": 0.1572590324852799, "reconstruction_error": 0.6489938950292707, "_timestamp": 1752621946.358421, "_runtime": 17.121049165725708, "_step": 0, "_wandb": {"runtime": 16}}