{"accuracy": 0.14666666666666667, "ARI": 0.07754414371047852, "NMI": 0.15335547020147053, "reconstruction_error": 0.665732006666676, "_timestamp": 1752622778.125563, "_runtime": 15.393343925476074, "_step": 0, "_wandb": {"runtime": 15}}