{"accuracy": 0.26, "ARI": 0.0927769905299447, "NMI": 0.1363529917607909, "reconstruction_error": 0.6558893361711188, "_timestamp": 1752623328.4484422, "_runtime": 17.269452333450317, "_step": 0, "_wandb": {"runtime": 17}}