{"accuracy": 0.22666666666666666, "ARI": 0.05939870006241214, "NMI": 0.09432431477323584, "reconstruction_error": 0.656846770181909, "_timestamp": 1752621190.053181, "_runtime": 15.477613925933838, "_step": 0, "_wandb": {"runtime": 15}}