{"accuracy": 0.0, "ARI": 0.712742980561555, "NMI": 0.8571428571428577, "normalized_loss": 0.07204171091503093, "reconstruction_error": 0.20326715857042185, "proportion_negatives": 0.0, "_timestamp": 1752705963.9694731, "_runtime": 15.950021028518677, "_step": 0, "_wandb": {"runtime": 15}}