{"accuracy": 0.0, "ARI": 1.0, "NMI": 1.0, "normalized_loss": 0.09454344054828095, "reconstruction_error": 0.19037094566687937, "proportion_negatives": 0.0, "_timestamp": 1752688413.941592, "_runtime": 12.939872026443481, "_step": 0, "_wandb": {"runtime": 13}}