{"accuracy": 0.0, "ARI": 0.712742980561555, "NMI": 0.8571428571428577, "normalized_loss": 0.06766279967581781, "reconstruction_error": 0.18898553625305264, "proportion_negatives": 0.0, "_timestamp": 1752694684.801867, "_runtime": 26.280581951141357, "_step": 0, "_wandb": {"runtime": 25}}