{"accuracy": 0.25, "ARI": 1.0, "NMI": 1.0, "normalized_loss": 0.10360895850249456, "reconstruction_error": 0.21224476604773704, "proportion_negatives": 0.0, "_timestamp": 1752699566.582138, "_runtime": 7.667050123214722, "_step": 0, "_wandb": {"runtime": 8}}