{"accuracy": 0.0, "ARI": 0.712742980561555, "NMI": 0.8571428571428577, "normalized_loss": 0.09303845095358766, "reconstruction_error": 0.2098951633090975, "proportion_negatives": 0.0, "_timestamp": 1752705417.032277, "_runtime": 68.64452815055847, "_step": 0, "_wandb": {"runtime": 69}}