{"accuracy": 0.25, "ARI": 1.0, "NMI": 1.0, "normalized_loss": 0.08358975714124234, "reconstruction_error": 0.20547013380326068, "proportion_negatives": 0.0, "_timestamp": 1752691961.988078, "_runtime": 9.144235134124756, "_step": 0, "_wandb": {"runtime": 9}}