{"accuracy": 0.22, "ARI": 0.053327359933134255, "NMI": 0.10193902378969043, "reconstruction_error": 0.6809484513163947, "_timestamp": 1752622298.059479, "_runtime": 16.811444997787476, "_step": 0, "_wandb": {"runtime": 16}}