{"accuracy":0.5,"_wandb":{"runtime":1},"ARI":1,"NMI":1,"reconstruction_error":0.13535549553664075,"_timestamp":1.7526119719276989e+09,"_runtime":1.111997,"_step":0}