{"accuracy": 0.13333333333333333, "ARI": 0.16223674824888618, "NMI": 0.24925836543630545, "reconstruction_error": 0.6583856931046151, "_timestamp": 1752624221.357302, "_runtime": 14.630940914154053, "_step": 0, "_wandb": {"runtime": 14}}