{"accuracy": 0.10333333333333333, "ARI": 0.12059853997492413, "NMI": 0.23152016234283782, "reconstruction_error": 0.6569024717252899, "_timestamp": 1752623793.231551, "_runtime": 16.172411918640137, "_step": 0, "_wandb": {"runtime": 15}}