{"accuracy": 0.25, "ARI": 1.0, "NMI": 1.0, "normalized_loss": 0.08418386049586418, "reconstruction_error": 0.19927765934390335, "proportion_negatives": 0.0, "_timestamp": 1752700553.456108, "_runtime": 4.312204122543335, "_step": 0, "_wandb": {"runtime": 4}}