{"accuracy": 0.16, "ARI": 0.004746708914240116, "NMI": 0.037877902806035875, "reconstruction_error": 0.6811457786924414, "_timestamp": 1752622118.487186, "_runtime": 12.865983963012695, "_step": 0, "_wandb": {"runtime": 12}}