{"accuracy": 0.25, "ARI": 1.0, "NMI": 1.0, "normalized_loss": 0.08754401361375568, "reconstruction_error": 0.20835301134128625, "proportion_negatives": 0.0, "_timestamp": 1752701717.103528, "_runtime": 3.905863046646118, "_step": 0, "_wandb": {"runtime": 4}}