{"accuracy": 0.0, "ARI": 0.712742980561555, "NMI": 0.8571428571428577, "normalized_loss": 0.07496587004908616, "reconstruction_error": 0.20371800984080404, "proportion_negatives": 0.0, "_timestamp": 1752697824.31808, "_runtime": 61.21916604042053, "_step": 0, "_wandb": {"runtime": 60}}