{"accuracy": 0.25, "ARI": 1.0, "NMI": 1.0, "normalized_loss": 0.10459680137039003, "reconstruction_error": 0.20680696374035834, "proportion_negatives": 0.0, "_timestamp": 1752696567.382655, "_runtime": 11.565404891967773, "_step": 0, "_wandb": {"runtime": 12}}