{"accuracy": 0.25, "ARI": 1.0, "NMI": 1.0, "normalized_loss": 0.08576990506192807, "reconstruction_error": 0.21912393481042514, "proportion_negatives": 0.0, "_timestamp": 1752702792.5934641, "_runtime": 26.701727151870728, "_step": 0, "_wandb": {"runtime": 26}}