{"accuracy": 0.25, "ARI": 1.0, "NMI": 1.0, "normalized_loss": 0.1095386126005551, "reconstruction_error": 0.19169832111015947, "proportion_negatives": 0.0, "_timestamp": 1752687284.2626162, "_runtime": 9.898908138275146, "_step": 0, "_wandb": {"runtime": 10}}