{"accuracy": 0.25, "ARI": 1.0, "NMI": 1.0, "normalized_loss": 0.0726125205556182, "reconstruction_error": 0.19100746288123743, "proportion_negatives": 0.0, "_timestamp": 1752703789.776169, "_runtime": 40.17697310447693, "_step": 0, "_wandb": {"runtime": 40}}