{"accuracy": 0.13333333333333333, "ARI": 0.029470670120150682, "NMI": 0.07261191608331459, "reconstruction_error": 0.6810506766840083, "_timestamp": 1752621162.825979, "_runtime": 14.156049966812134, "_step": 0, "_wandb": {"runtime": 13}}