{"accuracy": 0.0, "ARI": 1.0, "NMI": 1.0, "normalized_loss": 0.09879521279282825, "reconstruction_error": 0.20692550328708081, "proportion_negatives": 0.0, "_timestamp": 1752706160.598867, "_runtime": 66.70263004302979, "_step": 0, "_wandb": {"runtime": 66}}