{"accuracy": 0.25, "ARI": 1.0, "NMI": 1.0, "normalized_loss": 0.09817639239093769, "reconstruction_error": 0.21294083260984045, "proportion_negatives": 0.0, "_timestamp": 1752701578.111624, "_runtime": 11.182293891906738, "_step": 0, "_wandb": {"runtime": 11}}