{"accuracy": 0.0, "ARI": 0.712742980561555, "NMI": 0.8571428571428577, "normalized_loss": 0.08361200858957901, "reconstruction_error": 0.21923529509410936, "proportion_negatives": 0.0, "_timestamp": 1752690004.1101198, "_runtime": 36.57146382331848, "_step": 0, "_wandb": {"runtime": 36}}