{"accuracy": 0.25, "ARI": 1.0, "NMI": 1.0, "normalized_loss": 0.10322941451503866, "reconstruction_error": 0.19878358995540776, "proportion_negatives": 0.0, "_timestamp": 1752707299.237227, "_runtime": 29.100576877593994, "_step": 0, "_wandb": {"runtime": 29}}