{"accuracy": 0.25, "ARI": 1.0, "NMI": 1.0, "normalized_loss": 0.10033904853243786, "reconstruction_error": 0.20860466806663186, "proportion_negatives": 0.0, "_timestamp": 1752692715.0257988, "_runtime": 17.317771911621094, "_step": 0, "_wandb": {"runtime": 17}}