{"accuracy": 0.07666666666666666, "ARI": 0.06776913099870298, "NMI": 0.09925436355152047, "reconstruction_error": 0.6865913171091821, "_timestamp": 1752622203.8048809, "_runtime": 15.875495910644531, "_step": 0, "_wandb": {"runtime": 15}}