{"accuracy": 0.25, "ARI": 1.0, "NMI": 1.0, "normalized_loss": 0.08814417230352883, "reconstruction_error": 0.2041418558472115, "proportion_negatives": 0.0, "_timestamp": 1752699438.4175968, "_runtime": 9.234152793884277, "_step": 0, "_wandb": {"runtime": 9}}