{"accuracy": 0.25, "ARI": 1.0, "NMI": 1.0, "normalized_loss": 0.08013230588463673, "reconstruction_error": 0.19509862082016247, "proportion_negatives": 0.0, "_timestamp": 1752690524.7831738, "_runtime": 6.645355701446533, "_step": 0, "_wandb": {"runtime": 7}}