{"accuracy": 0.15666666666666668, "ARI": 0.07331185391733348, "NMI": 0.11477657357440922, "reconstruction_error": 0.6696672538362859, "_timestamp": 1752622985.292243, "_runtime": 16.05487608909607, "_step": 0, "_wandb": {"runtime": 15}}