{"accuracy": 0.25, "ARI": 1.0, "NMI": 1.0, "normalized_loss": 0.10231379065687421, "reconstruction_error": 0.20088873944006205, "proportion_negatives": 0.0, "_timestamp": 1752702057.67389, "_runtime": 7.588471174240112, "_step": 0, "_wandb": {"runtime": 8}}