{"accuracy": 0.16, "ARI": 0.0621779582631101, "NMI": 0.0972390013530229, "reconstruction_error": 0.6636142722189214, "_timestamp": 1752623124.8247879, "_runtime": 15.635088920593262, "_step": 0, "_wandb": {"runtime": 15}}