{"accuracy": 0.11333333333333333, "ARI": 0.12170488557599687, "NMI": 0.17100550365791514, "reconstruction_error": 0.648569159568508, "_timestamp": 1752624547.1797051, "_runtime": 15.114169120788574, "_step": 0, "_wandb": {"runtime": 14}}