{"accuracy": 0.25, "ARI": 1.0, "NMI": 1.0, "normalized_loss": 0.08330234892480984, "reconstruction_error": 0.19405586739725203, "proportion_negatives": 0.0, "_timestamp": 1752693555.831712, "_runtime": 12.475420951843262, "_step": 0, "_wandb": {"runtime": 13}}