{"accuracy": 0.25, "ARI": 1.0, "NMI": 1.0, "normalized_loss": 0.09733711959439265, "reconstruction_error": 0.19917048490028974, "proportion_negatives": 0.0, "_timestamp": 1752691056.436345, "_runtime": 6.814673185348511, "_step": 0, "_wandb": {"runtime": 7}}