{"accuracy": 0.0, "ARI": 0.712742980561555, "NMI": 0.8571428571428577, "normalized_loss": 0.08278301493701855, "reconstruction_error": 0.20860066943105157, "proportion_negatives": 0.0, "_timestamp": 1752688860.8566651, "_runtime": 76.30782723426819, "_step": 0, "_wandb": {"runtime": 76}}