{"accuracy": 0.0, "ARI": 1.0, "NMI": 1.0, "normalized_loss": 0.06582258326119832, "reconstruction_error": 0.1895683759670902, "proportion_negatives": 0.0, "_timestamp": 1752692463.077821, "_runtime": 32.648452043533325, "_step": 0, "_wandb": {"runtime": 32}}