{"accuracy": 0.25, "ARI": 1.0, "NMI": 1.0, "normalized_loss": 0.0897141178766159, "reconstruction_error": 0.2096662022853923, "proportion_negatives": 0.0, "_timestamp": 1752688486.716267, "_runtime": 6.95072603225708, "_step": 0, "_wandb": {"runtime": 7}}