{"accuracy": 0.25, "ARI": 1.0, "NMI": 1.0, "normalized_loss": 0.08550454680965068, "reconstruction_error": 0.20839187085742047, "proportion_negatives": 0.0, "_timestamp": 1752695666.126061, "_runtime": 20.56035304069519, "_step": 0, "_wandb": {"runtime": 20}}