{"accuracy": 0.25, "ARI": 1.0, "NMI": 1.0, "normalized_loss": 0.10155349744428117, "reconstruction_error": 0.19641176933730736, "proportion_negatives": 0.0, "_timestamp": 1752694866.964749, "_runtime": 12.29042100906372, "_step": 0, "_wandb": {"runtime": 12}}