{"accuracy": 0.25, "ARI": 1.0, "NMI": 1.0, "normalized_loss": 0.11799502159596977, "reconstruction_error": 0.20512746591186876, "proportion_negatives": 0.0, "_timestamp": 1752704032.19764, "_runtime": 9.703706979751587, "_step": 0, "_wandb": {"runtime": 10}}