{"accuracy": 0.27666666666666667, "ARI": 0.1796588255975719, "NMI": 0.2761790936298529, "reconstruction_error": 0.6456358984074835, "_timestamp": 1752621572.776716, "_runtime": 15.727861881256104, "_step": 0, "_wandb": {"runtime": 15}}