{"accuracy": 0.23666666666666666, "ARI": 0.1603413265893391, "NMI": 0.24371588590847562, "reconstruction_error": 0.6518947502854167, "_timestamp": 1752621462.525891, "_runtime": 13.666982173919678, "_step": 0, "_wandb": {"runtime": 13}}