{"accuracy": 0.25, "ARI": 1.0, "NMI": 1.0, "normalized_loss": 0.09526192997233009, "reconstruction_error": 0.2083569963326303, "proportion_negatives": 0.0, "_timestamp": 1752699319.467072, "_runtime": 45.67487907409668, "_step": 0, "_wandb": {"runtime": 45}}