{"accuracy": 0.25, "ARI": 1.0, "NMI": 1.0, "normalized_loss": 0.1259639905199773, "reconstruction_error": 0.21738525764359132, "proportion_negatives": 0.0, "_timestamp": 1752707748.682889, "_runtime": 12.035953044891357, "_step": 0, "_wandb": {"runtime": 12}}