{"accuracy": 0.29333333333333333, "ARI": 0.0751140955821194, "NMI": 0.12514692088165377, "reconstruction_error": 0.6595946512093831, "_timestamp": 1752622431.242291, "_runtime": 15.423171997070312, "_step": 0, "_wandb": {"runtime": 15}}