{"accuracy": 0.25, "ARI": 1.0, "NMI": 1.0, "normalized_loss": 0.09778520378419364, "reconstruction_error": 0.19648006157056158, "proportion_negatives": 0.0, "_timestamp": 1752705053.761604, "_runtime": 13.897631168365479, "_step": 0, "_wandb": {"runtime": 14}}