{"accuracy": 0.25, "ARI": 1.0, "NMI": 1.0, "normalized_loss": 0.08261296378448554, "reconstruction_error": 0.19947552749340167, "proportion_negatives": 0.0, "_timestamp": 1752705313.144019, "_runtime": 16.415236949920654, "_step": 0, "_wandb": {"runtime": 16}}