{"accuracy": 0.25, "ARI": 1.0, "NMI": 1.0, "reconstruction_error": 0.001387996929691671, "_timestamp": 1752612637.449756, "_runtime": 1.77616286277771, "_step": 0, "_wandb": {"runtime": 2}}