{"accuracy": 0.25, "ARI": 1.0, "NMI": 1.0, "normalized_loss": 0.07129206773255989, "reconstruction_error": 0.20181091217623404, "proportion_negatives": 0.0, "_timestamp": 1752687359.170263, "_runtime": 4.2688281536102295, "_step": 0, "_wandb": {"runtime": 4}}