{"accuracy": 0.25, "ARI": 1.0, "NMI": 1.0, "normalized_loss": 0.08678039528931682, "reconstruction_error": 0.21097351968450165, "proportion_negatives": 0.0, "_timestamp": 1752699585.019104, "_runtime": 10.256225109100342, "_step": 0, "_wandb": {"runtime": 10}}