{"accuracy": 0.25, "ARI": 1.0, "NMI": 1.0, "normalized_loss": 0.10349482282121114, "reconstruction_error": 0.19714277649434575, "proportion_negatives": 0.0, "_timestamp": 1752700807.601959, "_runtime": 20.54345703125, "_step": 0, "_wandb": {"runtime": 20}}