{"accuracy": 0.10333333333333333, "ARI": 0.12800990583093094, "NMI": 0.19039628085475457, "reconstruction_error": 0.677527751957902, "_timestamp": 1752621268.023148, "_runtime": 15.677436113357544, "_step": 0, "_wandb": {"runtime": 15}}