{"accuracy": 0.25, "ARI": 1.0, "NMI": 1.0, "normalized_loss": 0.08454236727997715, "reconstruction_error": 0.206099564676427, "proportion_negatives": 0.0, "_timestamp": 1752702650.073212, "_runtime": 11.405211925506592, "_step": 0, "_wandb": {"runtime": 11}}