{"accuracy": 0.25, "ARI": 1.0, "NMI": 1.0, "normalized_loss": 0.11087779514206515, "reconstruction_error": 0.20543760459863653, "proportion_negatives": 0.0, "_timestamp": 1752700158.419421, "_runtime": 5.101188898086548, "_step": 0, "_wandb": {"runtime": 5}}