{"accuracy": 0.25, "ARI": 1.0, "NMI": 1.0, "normalized_loss": 0.07956528044517507, "reconstruction_error": 0.21513514554078356, "proportion_negatives": 0.0, "_timestamp": 1752695466.903093, "_runtime": 103.16370820999146, "_step": 0, "_wandb": {"runtime": 103}}