{"accuracy": 0.0, "ARI": 0.712742980561555, "NMI": 0.8571428571428577, "normalized_loss": 0.09472017245198337, "reconstruction_error": 0.21814218569909785, "proportion_negatives": 0.0, "_timestamp": 1752701914.8067489, "_runtime": 107.92212677001953, "_step": 0, "_wandb": {"runtime": 107}}