{"accuracy": 0.25, "ARI": 0.9801537796138619, "NMI": 0.9756178750526205, "reconstruction_error": 0.019716417180018507, "_timestamp": 1752617679.9897559, "_runtime": 1.396918773651123, "_step": 0, "_wandb": {"runtime": 1}}