{"accuracy": 0.25, "ARI": 1.0, "NMI": 1.0, "normalized_loss": 0.07794666225466822, "reconstruction_error": 0.21020346467389608, "proportion_negatives": 0.0, "_timestamp": 1752694288.862116, "_runtime": 25.44018006324768, "_step": 0, "_wandb": {"runtime": 25}}