{"accuracy": 0.25, "ARI": 1.0, "NMI": 1.0, "normalized_loss": 0.09051862970342542, "reconstruction_error": 0.1949806781748439, "proportion_negatives": 0.0, "_timestamp": 1752698150.961059, "_runtime": 108.58366417884827, "_step": 0, "_wandb": {"runtime": 108}}