{"accuracy": 0.22333333333333333, "ARI": 0.0345054222806441, "NMI": 0.08860922508691461, "reconstruction_error": 0.6729350059039765, "_timestamp": 1752624432.912417, "_runtime": 14.954638004302979, "_step": 0, "_wandb": {"runtime": 14}}