{"accuracy": 0.25, "ARI": 1.0, "NMI": 1.0, "normalized_loss": 0.07910913420110591, "reconstruction_error": 0.20245702823983833, "proportion_negatives": 0.0, "_timestamp": 1752690416.809864, "_runtime": 13.208570957183838, "_step": 0, "_wandb": {"runtime": 13}}