{"accuracy": 0.29333333333333333, "ARI": 0.1065402429935661, "NMI": 0.1625857102689064, "reconstruction_error": 0.6541414780865867, "_timestamp": 1752624637.102272, "_runtime": 16.838572025299072, "_step": 0, "_wandb": {"runtime": 16}}