{"accuracy": 0.25, "ARI": 1.0, "NMI": 1.0, "normalized_loss": 0.0923315346718668, "reconstruction_error": 0.19057734451754726, "proportion_negatives": 0.0, "_timestamp": 1752699689.056298, "_runtime": 46.144104957580566, "_step": 0, "_wandb": {"runtime": 46}}