{"accuracy": 0.25, "ARI": 1.0, "NMI": 1.0, "normalized_loss": 0.08285230562685009, "reconstruction_error": 0.20865710923516922, "proportion_negatives": 0.0, "_timestamp": 1752704476.9102678, "_runtime": 15.04734492301941, "_step": 0, "_wandb": {"runtime": 15}}