{"accuracy": 0.25, "ARI": 1.0, "NMI": 1.0, "normalized_loss": 0.08163342406499931, "reconstruction_error": 0.20531243653154566, "proportion_negatives": 0.0, "_timestamp": 1752685085.958407, "_runtime": 36.408891916275024, "_step": 0, "_wandb": {"runtime": 36}}