{"accuracy": 0.0, "ARI": 1.0, "NMI": 1.0, "normalized_loss": 0.07963229551495428, "reconstruction_error": 0.21407465835304323, "proportion_negatives": 0.0, "_timestamp": 1752691347.891432, "_runtime": 24.37247395515442, "_step": 0, "_wandb": {"runtime": 24}}