{"accuracy": 0.25, "ARI": 1.0, "NMI": 1.0, "normalized_loss": 0.0714841412496169, "reconstruction_error": 0.197294276465159, "proportion_negatives": 0.0, "_timestamp": 1752695193.386249, "_runtime": 9.751198053359985, "_step": 0, "_wandb": {"runtime": 9}}