{"accuracy": 0.25, "ARI": 1.0, "NMI": 1.0, "normalized_loss": 0.07296248972916676, "reconstruction_error": 0.20299740922325152, "proportion_negatives": 0.0, "_timestamp": 1752698276.235706, "_runtime": 13.53766417503357, "_step": 0, "_wandb": {"runtime": 13}}