{"accuracy": 0.09, "ARI": 0.0787848453249913, "NMI": 0.13709184295541482, "reconstruction_error": 0.6850051175680044, "_timestamp": 1752624161.16672, "_runtime": 21.46765899658203, "_step": 0, "_wandb": {"runtime": 21}}