{"accuracy": 0.25666666666666665, "ARI": 0.08879669186110198, "NMI": 0.12827246148878468, "reconstruction_error": 0.6765740242846355, "_timestamp": 1752622094.607347, "_runtime": 14.924848079681396, "_step": 0, "_wandb": {"runtime": 14}}