{"accuracy": 0.2475, "ARI": 0.39109862683321184, "NMI": 0.40349488278827916, "reconstruction_error": 0.42879522428394246, "_timestamp": 1752612805.515318, "_runtime": 14.821233034133911, "_step": 0, "_wandb": {"runtime": 15}}