{"accuracy": 0.23, "ARI": 0.05018315593306292, "NMI": 0.13374168118363114, "reconstruction_error": 0.6649460392159169, "_timestamp": 1752622893.906828, "_runtime": 17.525221824645996, "_step": 0, "_wandb": {"runtime": 17}}