{"accuracy": 0.18333333333333332, "ARI": 0.07110599043010846, "NMI": 0.21516759379465872, "reconstruction_error": 0.6558005881986203, "_timestamp": 1752622804.583158, "_runtime": 15.937668085098267, "_step": 0, "_wandb": {"runtime": 15}}