{"accuracy": 0.0, "ARI": 0.712742980561555, "NMI": 0.8571428571428577, "normalized_loss": 0.12250342443266884, "reconstruction_error": 0.21900023451183026, "proportion_negatives": 0.0, "_timestamp": 1752686081.990477, "_runtime": 43.19193410873413, "_step": 0, "_wandb": {"runtime": 43}}