{"accuracy": 0.25, "ARI": 1.0, "NMI": 1.0, "normalized_loss": 0.117935415838737, "reconstruction_error": 0.19857970391191423, "proportion_negatives": 0.0, "_timestamp": 1752698582.002075, "_runtime": 11.849686861038208, "_step": 0, "_wandb": {"runtime": 12}}