{"accuracy": 0.25, "ARI": 1.0, "NMI": 1.0, "normalized_loss": 0.10790397929075055, "reconstruction_error": 0.2154096057616816, "proportion_negatives": 0.0, "_timestamp": 1752696932.419369, "_runtime": 14.963099956512451, "_step": 0, "_wandb": {"runtime": 15}}