{"accuracy": 0.30333333333333334, "ARI": 0.1148863761830791, "NMI": 0.17647121925147646, "reconstruction_error": 0.6655739229235453, "_timestamp": 1752621749.139491, "_runtime": 16.343314170837402, "_step": 0, "_wandb": {"runtime": 16}}