{"accuracy": 0.11333333333333333, "ARI": 0.09328442512924791, "NMI": 0.16028475499497594, "reconstruction_error": 0.6741606028459396, "_timestamp": 1752623904.597454, "_runtime": 14.131672143936157, "_step": 0, "_wandb": {"runtime": 13}}