{"accuracy": 0.16666666666666666, "ARI": 0.17700769296008736, "NMI": 0.2637124806067295, "reconstruction_error": 0.662793252275441, "_timestamp": 1752621055.856618, "_runtime": 15.362831830978394, "_step": 0, "_wandb": {"runtime": 15}}