{"accuracy": 0.25, "ARI": 1.0, "NMI": 1.0, "normalized_loss": 0.11406981562194954, "reconstruction_error": 0.21287842000956206, "proportion_negatives": 0.0, "_timestamp": 1752702430.247589, "_runtime": 13.965142011642456, "_step": 0, "_wandb": {"runtime": 14}}