{"accuracy": 0.22333333333333333, "ARI": 0.04206828377412865, "NMI": 0.12366411928535119, "reconstruction_error": 0.6843133378265617, "_timestamp": 1752623357.900463, "_runtime": 15.816373109817505, "_step": 0, "_wandb": {"runtime": 15}}