{"accuracy": 0.0, "ARI": 1.0, "NMI": 1.0, "normalized_loss": 0.09786559333543962, "reconstruction_error": 0.19315519929044953, "proportion_negatives": 0.0, "_timestamp": 1752701140.8880908, "_runtime": 39.69089388847351, "_step": 0, "_wandb": {"runtime": 39}}