{"accuracy": 0.25, "ARI": 1.0, "NMI": 1.0, "normalized_loss": 0.09083012172352892, "reconstruction_error": 0.20505785421603398, "proportion_negatives": 0.0, "_timestamp": 1752690072.0199628, "_runtime": 11.403149843215942, "_step": 0, "_wandb": {"runtime": 11}}