{"accuracy": 0.25, "ARI": 1.0, "NMI": 1.0, "normalized_loss": 0.09777717218403847, "reconstruction_error": 0.2050717025459011, "proportion_negatives": 0.0, "_timestamp": 1752706057.025963, "_runtime": 4.859248161315918, "_step": 0, "_wandb": {"runtime": 5}}