{"accuracy": 0.27, "ARI": 0.150340697034513, "NMI": 0.22208157829211958, "reconstruction_error": 0.6560251435402501, "_timestamp": 1752623879.682602, "_runtime": 14.84907603263855, "_step": 0, "_wandb": {"runtime": 14}}