{"accuracy": 0.25, "ARI": 1.0, "NMI": 1.0, "normalized_loss": 0.08173029869720254, "reconstruction_error": 0.19622171861121723, "proportion_negatives": 0.0, "_timestamp": 1752703248.060805, "_runtime": 23.079500198364258, "_step": 0, "_wandb": {"runtime": 23}}