{"accuracy": 0.25, "ARI": 1.0, "NMI": 1.0, "normalized_loss": 0.10006632559683314, "reconstruction_error": 0.1956583970111865, "proportion_negatives": 0.0, "_timestamp": 1752695956.086271, "_runtime": 10.746148109436035, "_step": 0, "_wandb": {"runtime": 11}}