{"accuracy": 0.25, "ARI": 1.0, "NMI": 1.0, "normalized_loss": 0.08696589356755956, "reconstruction_error": 0.21862528861998187, "proportion_negatives": 0.0, "_timestamp": 1752689634.3265622, "_runtime": 67.95009922981262, "_step": 0, "_wandb": {"runtime": 68}}