{"accuracy": 0.13666666666666666, "ARI": 0.039133834845393484, "NMI": 0.07622431874081695, "reconstruction_error": 0.6655657852214518, "_timestamp": 1752623581.203705, "_runtime": 15.873198986053467, "_step": 0, "_wandb": {"runtime": 15}}