{"accuracy": 0.25, "ARI": 1.0, "NMI": 1.0, "normalized_loss": 0.08483348100241243, "reconstruction_error": 0.20542825744520768, "proportion_negatives": 0.0, "_timestamp": 1752688352.979601, "_runtime": 4.5179359912872314, "_step": 0, "_wandb": {"runtime": 4}}