{"accuracy": 0.25, "ARI": 1.0, "NMI": 1.0, "normalized_loss": 0.09698153515004482, "reconstruction_error": 0.19670338434182136, "proportion_negatives": 0.0, "_timestamp": 1752698533.9496179, "_runtime": 5.664569854736328, "_step": 0, "_wandb": {"runtime": 5}}