{"accuracy": 0.15666666666666668, "ARI": 0.009087457872502617, "NMI": 0.027144727838398764, "reconstruction_error": 0.6965047657812733, "_timestamp": 1752623268.415877, "_runtime": 14.61869215965271, "_step": 0, "_wandb": {"runtime": 14}}