{"accuracy": 0.25, "ARI": 1.0, "NMI": 1.0, "normalized_loss": 0.08445398949660414, "reconstruction_error": 0.18930649003193506, "proportion_negatives": 0.0, "_timestamp": 1752687888.708103, "_runtime": 6.495682001113892, "_step": 0, "_wandb": {"runtime": 6}}