{"accuracy": 0.25, "ARI": 1.0, "NMI": 1.0, "normalized_loss": 0.07101597239658178, "reconstruction_error": 0.19720230161547928, "proportion_negatives": 0.0, "_timestamp": 1752689357.0187142, "_runtime": 47.8397901058197, "_step": 0, "_wandb": {"runtime": 47}}