{"NMI":1,"reconstruction_error":0.0013879969296916655,"_timestamp":1.7526119377316191e+09,"_runtime":0.846303,"_step":0,"accuracy":0.25,"ARI":1,"_wandb":{"runtime":0}}