{"accuracy": 0.25, "ARI": 1.0, "NMI": 1.0, "normalized_loss": 0.07572823204489551, "reconstruction_error": 0.20591894026858856, "proportion_negatives": 0.0, "_timestamp": 1752696907.399362, "_runtime": 10.924061059951782, "_step": 0, "_wandb": {"runtime": 11}}