{"accuracy": 0.0, "ARI": 1.0, "NMI": 1.0, "normalized_loss": 0.10913768325546173, "reconstruction_error": 0.20380991640959883, "proportion_negatives": 0.0, "_timestamp": 1752691677.443234, "_runtime": 80.1125500202179, "_step": 0, "_wandb": {"runtime": 80}}