{"accuracy": 0.0, "ARI": 0.712742980561555, "NMI": 0.8571428571428577, "normalized_loss": 0.08165994198701963, "reconstruction_error": 0.21053090374544178, "proportion_negatives": 0.0, "_timestamp": 1752701768.565015, "_runtime": 39.37366700172424, "_step": 0, "_wandb": {"runtime": 40}}