{"accuracy": 0.0, "ARI": 1.0, "NMI": 1.0, "normalized_loss": 0.07621359640978997, "reconstruction_error": 0.2106069400944556, "proportion_negatives": 0.0, "_timestamp": 1752697485.204798, "_runtime": 17.404227018356323, "_step": 0, "_wandb": {"runtime": 17}}