{"accuracy": 0.25, "ARI": 1.0, "NMI": 1.0, "normalized_loss": 0.09507590448330273, "reconstruction_error": 0.20778542841150208, "proportion_negatives": 0.0, "_timestamp": 1752699090.1212108, "_runtime": 13.23258090019226, "_step": 0, "_wandb": {"runtime": 13}}