{"accuracy": 0.12666666666666668, "ARI": 0.05764723926886267, "NMI": 0.10663492723537417, "reconstruction_error": 0.6734399832578628, "_timestamp": 1752622322.206624, "_runtime": 15.230824947357178, "_step": 0, "_wandb": {"runtime": 14}}