{"accuracy": 0.0, "ARI": 1.0, "NMI": 1.0, "normalized_loss": 0.08164753923177204, "reconstruction_error": 0.20080371696409222, "proportion_negatives": 0.0, "_timestamp": 1752699418.52896, "_runtime": 25.62477993965149, "_step": 0, "_wandb": {"runtime": 25}}