{"accuracy": 0.22, "ARI": 0.14141387907749844, "NMI": 0.21896418298600753, "reconstruction_error": 0.6623717623802328, "_timestamp": 1752622748.51791, "_runtime": 16.612031936645508, "_step": 0, "_wandb": {"runtime": 16}}