{"accuracy": 0.09666666666666666, "ARI": 0.03260141239508853, "NMI": 0.10073663223609113, "reconstruction_error": 0.6578576564929061, "_timestamp": 1752624458.038932, "_runtime": 13.877202033996582, "_step": 0, "_wandb": {"runtime": 13}}