{"accuracy": 0.0, "ARI": 0.712742980561555, "NMI": 0.8571428571428577, "normalized_loss": 0.08803648925666697, "reconstruction_error": 0.1999754909616819, "proportion_negatives": 0.0, "_timestamp": 1752689878.879054, "_runtime": 19.712797164916992, "_step": 0, "_wandb": {"runtime": 19}}