{"accuracy": 0.25, "ARI": 1.0, "NMI": 1.0, "normalized_loss": 0.08648263904129656, "reconstruction_error": 0.1940664808485468, "proportion_negatives": 0.0, "_timestamp": 1752706520.188433, "_runtime": 19.217768907546997, "_step": 0, "_wandb": {"runtime": 19}}