{"accuracy": 0.25, "ARI": 1.0, "NMI": 1.0, "normalized_loss": 0.07775554778743023, "reconstruction_error": 0.19620821367103236, "proportion_negatives": 0.0, "_timestamp": 1752700143.405874, "_runtime": 5.964126110076904, "_step": 0, "_wandb": {"runtime": 6}}