{"accuracy": 0.0, "ARI": 0.712742980561555, "NMI": 0.8571428571428577, "normalized_loss": 0.12128183374848639, "reconstruction_error": 0.22187672064424033, "proportion_negatives": 0.0, "_timestamp": 1752688338.463229, "_runtime": 26.20913600921631, "_step": 0, "_wandb": {"runtime": 26}}