{"ARI":0.629570747217806,"proportion_negatives":0,"accuracy":0,"normalized_loss":0.07726724623495039,"_step":0,"_timestamp":1.7526399763705049e+09,"reconstruction_error":0.2721780272007859,"_runtime":13.020336,"_wandb":{"runtime":13},"NMI":0.8623689852354814}