{"accuracy": 0.25, "ARI": 1.0, "NMI": 1.0, "normalized_loss": 0.08338175622937703, "reconstruction_error": 0.21460751134780004, "proportion_negatives": 0.0, "_timestamp": 1752700762.613528, "_runtime": 12.499737977981567, "_step": 0, "_wandb": {"runtime": 13}}