{"accuracy": 0.25, "ARI": 1.0, "NMI": 1.0, "normalized_loss": 0.08315991398599491, "reconstruction_error": 0.20020519063039907, "proportion_negatives": 0.0, "_timestamp": 1752702708.055156, "_runtime": 6.221446990966797, "_step": 0, "_wandb": {"runtime": 6}}