{"accuracy": 0.25, "ARI": 1.0, "NMI": 1.0, "normalized_loss": 0.08650433130026854, "reconstruction_error": 0.20618714732243634, "proportion_negatives": 0.0, "_timestamp": 1752701798.9211462, "_runtime": 18.022744178771973, "_step": 0, "_wandb": {"runtime": 18}}