{"accuracy": 0.11, "ARI": 0.07046226311753752, "NMI": 0.105510711950068, "reconstruction_error": 0.6753860569686208, "_timestamp": 1752621861.610658, "_runtime": 15.121604919433594, "_step": 0, "_wandb": {"runtime": 14}}