{"accuracy": 0.0, "ARI": 0.712742980561555, "NMI": 0.8571428571428577, "normalized_loss": 0.10971155067240285, "reconstruction_error": 0.20515014622556876, "proportion_negatives": 0.0, "_timestamp": 1752687944.093494, "_runtime": 19.79080605506897, "_step": 0, "_wandb": {"runtime": 19}}