{"accuracy": 0.0, "ARI": 0.712742980561555, "NMI": 0.8571428571428577, "normalized_loss": 0.0985723907871165, "reconstruction_error": 0.2135412351998733, "proportion_negatives": 0.0, "_timestamp": 1752707534.101043, "_runtime": 57.74163603782654, "_step": 0, "_wandb": {"runtime": 58}}