{"accuracy": 0.25, "ARI": 1.0, "NMI": 1.0, "normalized_loss": 0.11297992036694086, "reconstruction_error": 0.20279536713014845, "proportion_negatives": 0.0, "_timestamp": 1752704796.6123672, "_runtime": 5.152935266494751, "_step": 0, "_wandb": {"runtime": 5}}