{"accuracy": 0.25, "ARI": 1.0, "NMI": 1.0, "normalized_loss": 0.08193139835555993, "reconstruction_error": 0.19440436051221807, "proportion_negatives": 0.0, "_timestamp": 1752704056.586331, "_runtime": 13.293498992919922, "_step": 0, "_wandb": {"runtime": 13}}