{"accuracy": 0.13333333333333333, "ARI": 0.09899635597178183, "NMI": 0.14559345323026585, "reconstruction_error": 0.6495101930071816, "_timestamp": 1752621240.9175448, "_runtime": 14.47825288772583, "_step": 0, "_wandb": {"runtime": 14}}