{"accuracy": 0.25, "ARI": 1.0, "NMI": 1.0, "normalized_loss": 0.11210230024295642, "reconstruction_error": 0.20002982761898208, "proportion_negatives": 0.0, "_timestamp": 1752698755.5475452, "_runtime": 9.708820104598999, "_step": 0, "_wandb": {"runtime": 10}}