{"accuracy": 0.25, "ARI": 1.0, "NMI": 1.0, "normalized_loss": 0.1240266016504988, "reconstruction_error": 0.22449603320269274, "proportion_negatives": 0.0, "_timestamp": 1752695838.571141, "_runtime": 22.754414081573486, "_step": 0, "_wandb": {"runtime": 23}}