{"accuracy": 0.25, "ARI": 1.0, "NMI": 1.0, "normalized_loss": 0.09466549752365716, "reconstruction_error": 0.2012625956285293, "proportion_negatives": 0.0, "_timestamp": 1752693141.80396, "_runtime": 6.816474199295044, "_step": 0, "_wandb": {"runtime": 7}}