{"accuracy": 0.0, "ARI": 1.0, "NMI": 1.0, "normalized_loss": 0.10003890551926714, "reconstruction_error": 0.21071341495384716, "proportion_negatives": 0.0, "_timestamp": 1752685440.7202501, "_runtime": 66.94306421279907, "_step": 0, "_wandb": {"runtime": 67}}