{"accuracy": 0.11, "ARI": 0.0943981206733533, "NMI": 0.15915460536626597, "reconstruction_error": 0.6561088554429388, "_timestamp": 1752623413.760074, "_runtime": 14.83805799484253, "_step": 0, "_wandb": {"runtime": 14}}