{"accuracy": 0.08666666666666667, "ARI": 0.07460987611411125, "NMI": 0.12951829959742464, "reconstruction_error": 0.6540949434794386, "_timestamp": 1752624194.380237, "_runtime": 18.511052131652832, "_step": 0, "_wandb": {"runtime": 18}}