{"accuracy": 0.25, "ARI": 1.0, "NMI": 1.0, "normalized_loss": 0.09689009364343926, "reconstruction_error": 0.2007019331883139, "proportion_negatives": 0.0, "_timestamp": 1752693320.5922801, "_runtime": 4.2863380908966064, "_step": 0, "_wandb": {"runtime": 4}}