{"accuracy": 0.0, "ARI": 1.0, "NMI": 1.0, "normalized_loss": 0.07303307579854741, "reconstruction_error": 0.19238042236184438, "proportion_negatives": 0.0, "_timestamp": 1752695514.2314491, "_runtime": 38.28294920921326, "_step": 0, "_wandb": {"runtime": 38}}