{"accuracy": 0.2866666666666667, "ARI": 0.109319080438214, "NMI": 0.16367615979953715, "reconstruction_error": 0.6582905044642207, "_timestamp": 1752621603.915352, "_runtime": 16.014612197875977, "_step": 0, "_wandb": {"runtime": 15}}