{"accuracy": 0.0, "ARI": 0.712742980561555, "NMI": 0.8571428571428577, "normalized_loss": 0.10464964692439074, "reconstruction_error": 0.19947667463397234, "proportion_negatives": 0.0, "_timestamp": 1752695068.68022, "_runtime": 19.566807985305786, "_step": 0, "_wandb": {"runtime": 19}}