{"accuracy": 0.27666666666666667, "ARI": 0.0738076722125047, "NMI": 0.13054840298114148, "reconstruction_error": 0.6652333715737182, "_timestamp": 1752621434.657333, "_runtime": 16.678553819656372, "_step": 0, "_wandb": {"runtime": 16}}