{"accuracy": 0.12333333333333334, "ARI": 0.029036457406233906, "NMI": 0.0434945672235459, "reconstruction_error": 0.6813482528852115, "_timestamp": 1752623071.165025, "_runtime": 13.796027898788452, "_step": 0, "_wandb": {"runtime": 13}}