{"accuracy": 0.09666666666666666, "ARI": 0.08958406421944519, "NMI": 0.13851133559844409, "reconstruction_error": 0.662932103537323, "_timestamp": 1752624286.140577, "_runtime": 22.804808139801025, "_step": 0, "_wandb": {"runtime": 22}}