{"accuracy": 0.06333333333333334, "ARI": 0.10040541558461759, "NMI": 0.16726965177319597, "reconstruction_error": 0.6579753823904197, "_timestamp": 1752624047.072683, "_runtime": 16.255917072296143, "_step": 0, "_wandb": {"runtime": 15}}