{"accuracy": 0.18333333333333332, "ARI": 0.08442820416675857, "NMI": 0.12113279984302007, "reconstruction_error": 0.6709849685710596, "_timestamp": 1752621636.184042, "_runtime": 17.1048800945282, "_step": 0, "_wandb": {"runtime": 16}}