{"accuracy": 0.25, "ARI": 1.0, "NMI": 1.0, "normalized_loss": 0.11523020417322266, "reconstruction_error": 0.20236754312058625, "proportion_negatives": 0.0, "_timestamp": 1752692418.8863192, "_runtime": 9.050215244293213, "_step": 0, "_wandb": {"runtime": 9}}