{"accuracy": 0.25, "ARI": 1.0, "NMI": 1.0, "normalized_loss": 0.11477294774783124, "reconstruction_error": 0.21168749499902287, "proportion_negatives": 0.0, "_timestamp": 1752694233.839112, "_runtime": 22.554754972457886, "_step": 0, "_wandb": {"runtime": 22}}