{"accuracy": 0.25, "ARI": 1.0, "NMI": 1.0, "normalized_loss": 0.08634234203743929, "reconstruction_error": 0.18693593662275657, "proportion_negatives": 0.0, "_timestamp": 1752696137.214592, "_runtime": 16.26696801185608, "_step": 0, "_wandb": {"runtime": 16}}