{"accuracy": 0.25, "ARI": 1.0, "NMI": 1.0, "normalized_loss": 0.09826018809434972, "reconstruction_error": 0.20429428050565945, "proportion_negatives": 0.0, "_timestamp": 1752703212.885845, "_runtime": 18.980785846710205, "_step": 0, "_wandb": {"runtime": 19}}