{"accuracy": 0.21666666666666667, "ARI": 0.21661214289519007, "NMI": 0.296829005725231, "reconstruction_error": 0.651770810036354, "_timestamp": 1752623853.9179251, "_runtime": 15.043062210083008, "_step": 0, "_wandb": {"runtime": 14}}