{"accuracy": 0.2525, "ARI": 0.3968718187320056, "NMI": 0.38082002493028944, "reconstruction_error": 0.45497892491626923, "_timestamp": 1752612829.476775, "_runtime": 13.284018993377686, "_step": 0, "_wandb": {"runtime": 13}}