{"accuracy": 0.0, "ARI": 1.0, "NMI": 1.0, "normalized_loss": 0.11021606588073127, "reconstruction_error": 0.22576196423102013, "proportion_negatives": 0.0, "_timestamp": 1752693801.893666, "_runtime": 76.8477110862732, "_step": 0, "_wandb": {"runtime": 76}}