{"accuracy": 0.17, "ARI": 0.04875420562196691, "NMI": 0.12466313617493392, "reconstruction_error": 0.6783588129025498, "_timestamp": 1752621004.986112, "_runtime": 16.103487014770508, "_step": 0, "_wandb": {"runtime": 15}}