{"accuracy": 0.0, "ARI": 0.712742980561555, "NMI": 0.8571428571428577, "normalized_loss": 0.10722964586859429, "reconstruction_error": 0.2224521901091661, "proportion_negatives": 0.0, "_timestamp": 1752698479.898735, "_runtime": 29.4850070476532, "_step": 0, "_wandb": {"runtime": 29}}