{"accuracy": 0.25, "ARI": 1.0, "NMI": 1.0, "normalized_loss": 0.09343771651396938, "reconstruction_error": 0.2138495160584922, "proportion_negatives": 0.0, "_timestamp": 1752685924.853578, "_runtime": 26.089586973190308, "_step": 0, "_wandb": {"runtime": 26}}