{"accuracy": 0.24333333333333335, "ARI": 0.04439466030891284, "NMI": 0.06380022013376276, "reconstruction_error": 0.682002335066736, "_timestamp": 1752624375.154342, "_runtime": 13.92237901687622, "_step": 0, "_wandb": {"runtime": 13}}