{"accuracy": 0.25, "ARI": 1.0, "NMI": 1.0, "normalized_loss": 0.08108399593980671, "reconstruction_error": 0.21328703425209894, "proportion_negatives": 0.0, "_timestamp": 1752690897.375725, "_runtime": 27.605765104293823, "_step": 0, "_wandb": {"runtime": 27}}