{"accuracy": 0.13666666666666666, "ARI": 0.1139467556433103, "NMI": 0.21952668675360607, "reconstruction_error": 0.6607996172530067, "_timestamp": 1752622633.5252202, "_runtime": 15.513610124588013, "_step": 0, "_wandb": {"runtime": 15}}