{"accuracy": 0.0, "ARI": 1.0, "NMI": 1.0, "normalized_loss": 0.10700000730975401, "reconstruction_error": 0.19937569241800213, "proportion_negatives": 0.0, "_timestamp": 1752702282.519639, "_runtime": 30.579394102096558, "_step": 0, "_wandb": {"runtime": 30}}