{"accuracy": 0.22666666666666666, "ARI": 0.12457153718478564, "NMI": 0.18803081714993766, "reconstruction_error": 0.6558870180638018, "_timestamp": 1752621665.275936, "_runtime": 15.143909931182861, "_step": 0, "_wandb": {"runtime": 14}}