{"accuracy": 1.0, "ARI": 1.0, "NMI": 1.0, "reconstruction_error": 0.001387996929691671, "_timestamp": 1752617849.531242, "_runtime": 1.8422579765319824, "_step": 0, "_wandb": {"runtime": 2}}