{"accuracy": 0.20666666666666667, "ARI": 0.07981148244313319, "NMI": 0.13374039505678736, "reconstruction_error": 0.653898893489999, "_timestamp": 1752624315.2066429, "_runtime": 15.653766870498657, "_step": 0, "_wandb": {"runtime": 15}}