{"accuracy": 0.25, "ARI": 1.0, "NMI": 1.0, "normalized_loss": 0.11350976454569825, "reconstruction_error": 0.19822138901666525, "proportion_negatives": 0.0, "_timestamp": 1752697907.7528372, "_runtime": 16.048408269882202, "_step": 0, "_wandb": {"runtime": 16}}