{"accuracy": 0.25, "ARI": 1.0, "NMI": 1.0, "normalized_loss": 0.1020257457840133, "reconstruction_error": 0.19827707990190796, "proportion_negatives": 0.0, "_timestamp": 1752691519.22914, "_runtime": 4.989686012268066, "_step": 0, "_wandb": {"runtime": 5}}