{"accuracy": 0.0, "ARI": 0.712742980561555, "NMI": 0.8571428571428577, "normalized_loss": 0.11049782362919891, "reconstruction_error": 0.2097985530040186, "proportion_negatives": 0.0, "_timestamp": 1752703072.664083, "_runtime": 64.60987091064453, "_step": 0, "_wandb": {"runtime": 64}}