{"accuracy": 0.25, "ARI": 1.0, "NMI": 1.0, "normalized_loss": 0.07928179015057749, "reconstruction_error": 0.20042397264158807, "proportion_negatives": 0.0, "_timestamp": 1752686511.291818, "_runtime": 49.714831829071045, "_step": 0, "_wandb": {"runtime": 49}}