{"accuracy": 0.18, "ARI": 0.04832401711583117, "NMI": 0.1529559971365343, "reconstruction_error": 0.667899497748918, "_timestamp": 1752623761.932748, "_runtime": 15.79063606262207, "_step": 0, "_wandb": {"runtime": 15}}