{"accuracy": 0.5, "ARI": 1.0, "NMI": 1.0, "reconstruction_error": 0.001387996929691671, "_timestamp": 1752617891.58732, "_runtime": 1.7990870475769043, "_step": 0, "_wandb": {"runtime": 2}}