{"accuracy": 0.25, "ARI": 1.0, "NMI": 1.0, "normalized_loss": 0.11343707695914916, "reconstruction_error": 0.19589550273461323, "proportion_negatives": 0.0, "_timestamp": 1752696888.651479, "_runtime": 7.9806859493255615, "_step": 0, "_wandb": {"runtime": 8}}