{"accuracy": 0.25, "ARI": 1.0, "NMI": 1.0, "normalized_loss": 0.08612998265695135, "reconstruction_error": 0.20963500921355074, "proportion_negatives": 0.0, "_timestamp": 1752696872.595856, "_runtime": 28.315593957901, "_step": 0, "_wandb": {"runtime": 28}}