{"accuracy": 1.0, "ARI": 1.0, "NMI": 1.0, "reconstruction_error": 0.001387996929691671, "_timestamp": 1752617870.486957, "_runtime": 1.820857048034668, "_step": 0, "_wandb": {"runtime": 2}}