{"accuracy": 0.25, "ARI": 1.0, "NMI": 1.0, "normalized_loss": 0.08624581138763827, "reconstruction_error": 0.20450385821334607, "proportion_negatives": 0.0, "_timestamp": 1752694646.7656698, "_runtime": 4.253593921661377, "_step": 0, "_wandb": {"runtime": 4}}