{"accuracy": 0.25, "ARI": 1.0, "NMI": 1.0, "normalized_loss": 0.09381450946923411, "reconstruction_error": 0.1971108922991983, "proportion_negatives": 0.0, "_timestamp": 1752701371.194901, "_runtime": 5.993335008621216, "_step": 0, "_wandb": {"runtime": 6}}