{"accuracy": 0.25, "ARI": 1.0, "NMI": 1.0, "normalized_loss": 0.08008243161986935, "reconstruction_error": 0.18718880453115103, "proportion_negatives": 0.0, "_timestamp": 1752700831.883708, "_runtime": 13.598551034927368, "_step": 0, "_wandb": {"runtime": 13}}