{"accuracy": 0.17333333333333334, "ARI": 0.042655400766039124, "NMI": 0.1197349528589266, "reconstruction_error": 0.6660109356178998, "_timestamp": 1752624403.489877, "_runtime": 16.47134804725647, "_step": 0, "_wandb": {"runtime": 16}}