{"accuracy": 0.20333333333333334, "ARI": 0.05157747294267841, "NMI": 0.11435474315570575, "reconstruction_error": 0.6603065219431694, "_timestamp": 1752623387.546687, "_runtime": 14.417605876922607, "_step": 0, "_wandb": {"runtime": 14}}