{"accuracy": 0.17333333333333334, "ARI": 0.08351981070129769, "NMI": 0.15110860005126625, "reconstruction_error": 0.6551039549271915, "_timestamp": 1752623700.089061, "_runtime": 15.65723204612732, "_step": 0, "_wandb": {"runtime": 15}}