{"accuracy": 0.25, "ARI": 1.0, "NMI": 1.0, "normalized_loss": 0.07716149209940712, "reconstruction_error": 0.2033300177016373, "proportion_negatives": 0.0, "_timestamp": 1752694450.945545, "_runtime": 10.790210962295532, "_step": 0, "_wandb": {"runtime": 11}}