{"accuracy": 0.25, "ARI": 1.0, "NMI": 1.0, "normalized_loss": 0.08585350414104397, "reconstruction_error": 0.19946897171161249, "proportion_negatives": 0.0, "_timestamp": 1752691187.594403, "_runtime": 9.052483081817627, "_step": 0, "_wandb": {"runtime": 9}}