{"accuracy":0.5025,"ARI":0.9933165272203728,"NMI":0.9898917498726852,"reconstruction_error":0.18677401293978244,"_timestamp":1.75261239255887e+09,"_wandb":{"runtime":1},"_runtime":1.709628,"_step":0}