{"accuracy": 0.2, "ARI": 0.01650880955709777, "NMI": 0.06731095902213044, "reconstruction_error": 0.6868835704541877, "_timestamp": 1752621805.270226, "_runtime": 15.734169006347656, "_step": 0, "_wandb": {"runtime": 15}}