{"accuracy": 0.0, "ARI": 0.712742980561555, "NMI": 0.8571428571428577, "normalized_loss": 0.07613383609135964, "reconstruction_error": 0.21177518232414783, "proportion_negatives": 0.0, "_timestamp": 1752705704.931627, "_runtime": 36.676454067230225, "_step": 0, "_wandb": {"runtime": 36}}