{"accuracy": 0.0, "ARI": 0.712742980561555, "NMI": 0.8571428571428577, "normalized_loss": 0.12588520754539415, "reconstruction_error": 0.2155727032228035, "proportion_negatives": 0.0, "_timestamp": 1752697626.281446, "_runtime": 39.38447308540344, "_step": 0, "_wandb": {"runtime": 39}}