{"accuracy": 0.15, "ARI": 0.12065828765007837, "NMI": 0.22419353182321528, "reconstruction_error": 0.669353245014557, "_timestamp": 1752621778.864419, "_runtime": 15.169909954071045, "_step": 0, "_wandb": {"runtime": 14}}