{"accuracy": 0.25, "ARI": 1.0, "NMI": 1.0, "normalized_loss": 0.07785277837362116, "reconstruction_error": 0.19272713100214542, "proportion_negatives": 0.0, "_timestamp": 1752694634.982639, "_runtime": 13.469504117965698, "_step": 0, "_wandb": {"runtime": 13}}