{"accuracy": 0.0, "ARI": 0.712742980561555, "NMI": 0.8571428571428577, "normalized_loss": 0.10748201775998467, "reconstruction_error": 0.22538898542214658, "proportion_negatives": 0.0, "_timestamp": 1752696457.7306151, "_runtime": 20.518588066101074, "_step": 0, "_wandb": {"runtime": 20}}