{"accuracy": 0.25, "ARI": 1.0, "NMI": 1.0, "normalized_loss": 0.0977570208303366, "reconstruction_error": 0.19798908784020883, "proportion_negatives": 0.0, "_timestamp": 1752704961.175167, "_runtime": 39.93303918838501, "_step": 0, "_wandb": {"runtime": 40}}