{"accuracy": 0.20666666666666667, "ARI": 0.11520012223548373, "NMI": 0.17954440842902478, "reconstruction_error": 0.6600390075543672, "_timestamp": 1752622461.6856809, "_runtime": 19.827770948410034, "_step": 0, "_wandb": {"runtime": 19}}