{"accuracy": 0.25, "ARI": 1.0, "NMI": 1.0, "normalized_loss": 0.11829116282153854, "reconstruction_error": 0.20693766124489096, "proportion_negatives": 0.0, "_timestamp": 1752697978.502126, "_runtime": 8.633037090301514, "_step": 0, "_wandb": {"runtime": 8}}