{"accuracy": 0.0, "ARI": 0.712742980561555, "NMI": 0.8571428571428577, "normalized_loss": 0.11353184947689043, "reconstruction_error": 0.19543652523093186, "proportion_negatives": 0.0, "_timestamp": 1752707811.764616, "_runtime": 12.977343082427979, "_step": 0, "_wandb": {"runtime": 13}}