{"accuracy": 0.25, "ARI": 1.0, "NMI": 1.0, "normalized_loss": 0.11460515750808754, "reconstruction_error": 0.20347267290362736, "proportion_negatives": 0.0, "_timestamp": 1752696639.2801101, "_runtime": 62.62475800514221, "_step": 0, "_wandb": {"runtime": 62}}