{"accuracy": 0.24, "ARI": 0.090820863569595, "NMI": 0.13490511871832736, "reconstruction_error": 0.6611470821496095, "_timestamp": 1752621029.5379589, "_runtime": 14.802547931671143, "_step": 0, "_wandb": {"runtime": 14}}