{"accuracy": 0.25, "ARI": 1.0, "NMI": 1.0, "reconstruction_error": 0.001387996929691671, "_timestamp": 1752617902.26251, "_runtime": 1.8782250881195068, "_step": 0, "_wandb": {"runtime": 2}}