{"accuracy": 0.25, "ARI": 1.0, "NMI": 1.0, "normalized_loss": 0.1106193427469765, "reconstruction_error": 0.20769228111561355, "proportion_negatives": 0.0, "_timestamp": 1752694843.379246, "_runtime": 4.355591058731079, "_step": 0, "_wandb": {"runtime": 4}}