{"accuracy": 0.25, "ARI": 1.0, "NMI": 1.0, "normalized_loss": 0.07482009275538687, "reconstruction_error": 0.2064555495987784, "proportion_negatives": 0.0, "_timestamp": 1752690569.561045, "_runtime": 4.5103819370269775, "_step": 0, "_wandb": {"runtime": 4}}