{"accuracy": 0.12333333333333334, "ARI": 0.089631535288563, "NMI": 0.13839278238532735, "reconstruction_error": 0.677432875060304, "_timestamp": 1752623612.272552, "_runtime": 15.562693119049072, "_step": 0, "_wandb": {"runtime": 15}}