{"accuracy": 0.0, "ARI": 1.0, "NMI": 1.0, "normalized_loss": 0.09147086609316427, "reconstruction_error": 0.2005754551829687, "proportion_negatives": 0.0, "_timestamp": 1752698316.793049, "_runtime": 27.611303091049194, "_step": 0, "_wandb": {"runtime": 27}}