{"accuracy": 0.22333333333333333, "ARI": 0.0545854080584889, "NMI": 0.09999980377727657, "reconstruction_error": 0.6533503243038404, "_timestamp": 1752623155.698756, "_runtime": 15.597032070159912, "_step": 0, "_wandb": {"runtime": 15}}