{"NMI":1,"proportion_negatives":0,"_wandb":{"runtime":6},"reconstruction_error":0.20039179249314812,"_timestamp":1.7526383407029068e+09,"accuracy":1,"_runtime":6.400252,"normalized_loss":0.043212128350286275,"_step":0,"ARI":1}