{"accuracy": 0.15666666666666668, "ARI": 0.17311734011096677, "NMI": 0.2394073989383001, "reconstruction_error": 0.6494641554606174, "_timestamp": 1752621376.945008, "_runtime": 15.895264148712158, "_step": 0, "_wandb": {"runtime": 15}}