{"accuracy": 0.25, "ARI": 1.0, "NMI": 1.0, "normalized_loss": 0.1021330778149093, "reconstruction_error": 0.2099692481494889, "proportion_negatives": 0.0, "_timestamp": 1752696757.6161122, "_runtime": 16.347062349319458, "_step": 0, "_wandb": {"runtime": 16}}