{"accuracy": 0.25, "ARI": 1.0, "NMI": 1.0, "normalized_loss": 0.07746162377351101, "reconstruction_error": 0.21394040110388848, "proportion_negatives": 0.0, "_timestamp": 1752694879.1399648, "_runtime": 3.653275728225708, "_step": 0, "_wandb": {"runtime": 3}}