{"accuracy": 0.25, "ARI": 1.0, "NMI": 1.0, "normalized_loss": 0.09168394551466211, "reconstruction_error": 0.201658172913725, "proportion_negatives": 0.0, "_timestamp": 1752699462.162218, "_runtime": 12.219703197479248, "_step": 0, "_wandb": {"runtime": 12}}