{"accuracy": 0.0, "ARI": 0.712742980561555, "NMI": 0.8571428571428577, "normalized_loss": 0.09653613491979794, "reconstruction_error": 0.21290320154238995, "proportion_negatives": 0.0, "_timestamp": 1752697183.541805, "_runtime": 42.65488409996033, "_step": 0, "_wandb": {"runtime": 42}}