{"accuracy": 0.25, "ARI": 1.0, "NMI": 1.0, "normalized_loss": 0.07448543684151215, "reconstruction_error": 0.20713562208149022, "proportion_negatives": 0.0, "_timestamp": 1752704748.532031, "_runtime": 23.97299814224243, "_step": 0, "_wandb": {"runtime": 24}}