{"accuracy": 0.25, "ARI": 1.0, "NMI": 1.0, "normalized_loss": 0.07589404204731869, "reconstruction_error": 0.20704901090996383, "proportion_negatives": 0.0, "_timestamp": 1752697000.111478, "_runtime": 14.965784072875977, "_step": 0, "_wandb": {"runtime": 15}}