{"accuracy": 0.0, "ARI": 0.712742980561555, "NMI": 0.8571428571428577, "normalized_loss": 0.08724622084411374, "reconstruction_error": 0.2094835672049473, "proportion_negatives": 0.0, "_timestamp": 1752695803.6671, "_runtime": 106.0913610458374, "_step": 0, "_wandb": {"runtime": 106}}