{"accuracy": 0.25, "ARI": 1.0, "NMI": 1.0, "normalized_loss": 0.11068729451867843, "reconstruction_error": 0.20597528792131703, "proportion_negatives": 0.0, "_timestamp": 1752707914.416707, "_runtime": 27.340073108673096, "_step": 0, "_wandb": {"runtime": 27}}