{"accuracy": 0.0, "ARI": 1.0, "NMI": 1.0, "normalized_loss": 0.09167832062989563, "reconstruction_error": 0.2010791940898316, "proportion_negatives": 0.0, "_timestamp": 1752694393.126165, "_runtime": 15.517817974090576, "_step": 0, "_wandb": {"runtime": 15}}