{"accuracy": 0.0, "ARI": 0.712742980561555, "NMI": 0.8571428571428577, "normalized_loss": 0.10003861623187531, "reconstruction_error": 0.19692716822932627, "proportion_negatives": 0.0, "_timestamp": 1752688960.042751, "_runtime": 31.73740816116333, "_step": 0, "_wandb": {"runtime": 31}}