{"accuracy": 0.25, "ARI": 1.0, "NMI": 1.0, "normalized_loss": 0.09755581462917531, "reconstruction_error": 0.21717095701971578, "proportion_negatives": 0.0, "_timestamp": 1752688304.552442, "_runtime": 3.1466240882873535, "_step": 0, "_wandb": {"runtime": 3}}