{"accuracy": 0.25, "ARI": 0.08070814013566958, "NMI": 0.15951370974756737, "reconstruction_error": 0.6803713109383613, "_timestamp": 1752622719.969325, "_runtime": 13.923213005065918, "_step": 0, "_wandb": {"runtime": 13}}