{"accuracy": 0.0, "ARI": 0.712742980561555, "NMI": 0.8571428571428577, "normalized_loss": 0.0879003381509752, "reconstruction_error": 0.20978023730869177, "proportion_negatives": 0.0, "_timestamp": 1752691105.9475079, "_runtime": 40.654738903045654, "_step": 0, "_wandb": {"runtime": 40}}