{"accuracy": 0.25, "ARI": 1.0, "NMI": 1.0, "normalized_loss": 0.09682696782303256, "reconstruction_error": 0.20434747075312482, "proportion_negatives": 0.0, "_timestamp": 1752696382.33724, "_runtime": 12.23061203956604, "_step": 0, "_wandb": {"runtime": 12}}