{"accuracy": 0.14285714285714285, "ARI": 1.0, "NMI": 1.0, "reconstruction_error": 0.0012276964464977332, "_timestamp": 1752620662.45558, "_runtime": 1.787937879562378, "_step": 0, "_wandb": {"runtime": 2}}