{"accuracy": 0.0, "ARI": 1.0, "NMI": 1.0, "normalized_loss": 0.07117849027829967, "reconstruction_error": 0.19655853179723348, "proportion_negatives": 0.0, "_timestamp": 1752688630.974402, "_runtime": 43.0110559463501, "_step": 0, "_wandb": {"runtime": 43}}