{"accuracy": 0.21333333333333335, "ARI": 0.16136058370417727, "NMI": 0.22536102272187794, "reconstruction_error": 0.65194824619808, "_timestamp": 1752621216.023382, "_runtime": 15.428907871246338, "_step": 0, "_wandb": {"runtime": 15}}