{"accuracy": 0.25, "ARI": 1.0, "NMI": 1.0, "normalized_loss": 0.0988800297933851, "reconstruction_error": 0.19133107926821544, "proportion_negatives": 0.0, "_timestamp": 1752697131.9637911, "_runtime": 6.747053146362305, "_step": 0, "_wandb": {"runtime": 7}}