{"accuracy": 0.25, "ARI": 1.0, "NMI": 1.0, "normalized_loss": 0.1040135123061431, "reconstruction_error": 0.19503241040466288, "proportion_negatives": 0.0, "_timestamp": 1752697723.451583, "_runtime": 37.84339785575867, "_step": 0, "_wandb": {"runtime": 38}}