{"accuracy": 0.25, "ARI": 1.0, "NMI": 1.0, "normalized_loss": 0.07930539038969771, "reconstruction_error": 0.199374600141231, "proportion_negatives": 0.0, "_timestamp": 1752705174.9081228, "_runtime": 109.1337058544159, "_step": 0, "_wandb": {"runtime": 109}}