{"accuracy": 0.25, "ARI": 1.0, "NMI": 1.0, "normalized_loss": 0.10276702758734542, "reconstruction_error": 0.20033553315823094, "proportion_negatives": 0.0, "_timestamp": 1752699384.471683, "_runtime": 22.453984022140503, "_step": 0, "_wandb": {"runtime": 22}}