{"accuracy": 0.25, "ARI": 1.0, "NMI": 1.0, "normalized_loss": 0.08559252563271616, "reconstruction_error": 0.20824675997383968, "proportion_negatives": 0.0, "_timestamp": 1752699335.948864, "_runtime": 5.381622076034546, "_step": 0, "_wandb": {"runtime": 5}}