{"accuracy": 0.25, "ARI": 1.0, "NMI": 1.0, "normalized_loss": 0.08963951610880498, "reconstruction_error": 0.20784559947508444, "proportion_negatives": 0.0, "_timestamp": 1752703406.680951, "_runtime": 42.17160201072693, "_step": 0, "_wandb": {"runtime": 42}}