{"accuracy": 0.0, "ARI": 0.9974901902269452, "NMI": 0.99716553138637, "reconstruction_error": 0.11328529019640951, "_timestamp": 1752624899.8533728, "_runtime": 5.610002756118774, "_step": 0, "_wandb": {"runtime": 5}}