{"accuracy": 0.25, "ARI": 1.0, "NMI": 1.0, "normalized_loss": 0.07401846764909593, "reconstruction_error": 0.199871964795891, "proportion_negatives": 0.0, "_timestamp": 1752688742.398558, "_runtime": 4.4630889892578125, "_step": 0, "_wandb": {"runtime": 4}}