{"accuracy": 0.21, "ARI": 0.1019317503753536, "NMI": 0.154975455113083, "reconstruction_error": 0.6639849919712081, "_timestamp": 1752622546.921957, "_runtime": 17.044662952423096, "_step": 0, "_wandb": {"runtime": 16}}