{"_wandb":{"runtime":6},"ARI":1,"_step":0,"normalized_loss":0.04068930212078781,"reconstruction_error":0.19395176271050787,"proportion_negatives":0,"accuracy":1,"_timestamp":1.752638325282912e+09,"NMI":1,"_runtime":6.00029}