{"accuracy": 0.24666666666666667, "ARI": 0.16341847987268035, "NMI": 0.25064278832674447, "reconstruction_error": 0.6580999757739358, "_timestamp": 1752623555.483177, "_runtime": 16.042083024978638, "_step": 0, "_wandb": {"runtime": 15}}