{"accuracy": 0.25, "ARI": 1.0, "NMI": 1.0, "normalized_loss": 0.09786312427817163, "reconstruction_error": 0.19993072023910974, "proportion_negatives": 0.0, "_timestamp": 1752688469.024898, "_runtime": 4.943294048309326, "_step": 0, "_wandb": {"runtime": 5}}