{"accuracy": 0.24333333333333335, "ARI": 0.05919487665453238, "NMI": 0.1390784748168435, "reconstruction_error": 0.6635013676064814, "_timestamp": 1752622375.019372, "_runtime": 16.045818090438843, "_step": 0, "_wandb": {"runtime": 15}}