{"_wandb":{"runtime":0},"NMI":0,"reconstruction_error":0.11009614913845385,"_timestamp":1.752611483935617e+09,"_runtime":0.651823,"_step":0,"accuracy":0.25,"ARI":0}