{"accuracy": 0.25, "ARI": 1.0, "NMI": 1.0, "normalized_loss": 0.09544005706470314, "reconstruction_error": 0.21176328525135435, "proportion_negatives": 0.0, "_timestamp": 1752700240.589237, "_runtime": 8.65722393989563, "_step": 0, "_wandb": {"runtime": 9}}