{"accuracy": 0.18, "ARI": 0.06833670078802484, "NMI": 0.11200842699797095, "reconstruction_error": 0.6530008735861124, "_timestamp": 1752622173.6542468, "_runtime": 16.32534885406494, "_step": 0, "_wandb": {"runtime": 16}}