{"accuracy": 0.25, "ARI": 1.0, "NMI": 1.0, "normalized_loss": 0.09565490734440243, "reconstruction_error": 0.1936482964991573, "proportion_negatives": 0.0, "_timestamp": 1752686199.025994, "_runtime": 11.075997114181519, "_step": 0, "_wandb": {"runtime": 11}}