{"accuracy": 0.0, "ARI": 1.0, "NMI": 1.0, "normalized_loss": 0.0853824530868496, "reconstruction_error": 0.2081366399445244, "proportion_negatives": 0.0, "_timestamp": 1752692951.0575879, "_runtime": 27.601537942886353, "_step": 0, "_wandb": {"runtime": 27}}