{"accuracy": 0.07, "ARI": 0.20330690309487176, "NMI": 0.28312458330125034, "reconstruction_error": 0.6460234296734866, "_timestamp": 1752621110.973236, "_runtime": 13.844763040542603, "_step": 0, "_wandb": {"runtime": 13}}