{"accuracy": 0.25, "ARI": 1.0, "NMI": 1.0, "normalized_loss": 0.11996073175977322, "reconstruction_error": 0.21760235246964968, "proportion_negatives": 0.0, "_timestamp": 1752685363.782003, "_runtime": 31.092204809188843, "_step": 0, "_wandb": {"runtime": 31}}