{"accuracy": 0.0, "ARI": 0.712742980561555, "NMI": 0.8571428571428577, "normalized_loss": 0.10367046571719801, "reconstruction_error": 0.21463978839924494, "proportion_negatives": 0.0, "_timestamp": 1752702483.2853498, "_runtime": 40.929285764694214, "_step": 0, "_wandb": {"runtime": 41}}