{"accuracy": 0.26666666666666666, "ARI": 0.13294579186498626, "NMI": 0.22068949079317457, "reconstruction_error": 0.654981482201218, "_timestamp": 1752624669.06055, "_runtime": 17.951250076293945, "_step": 0, "_wandb": {"runtime": 17}}