{"accuracy": 0.25, "ARI": 1.0, "NMI": 1.0, "normalized_loss": 0.09055551230992108, "reconstruction_error": 0.19298052986745998, "proportion_negatives": 0.0, "_timestamp": 1752704569.303552, "_runtime": 19.36012101173401, "_step": 0, "_wandb": {"runtime": 19}}