{"accuracy": 0.25, "ARI": 1.0, "NMI": 1.0, "normalized_loss": 0.0859447869747161, "reconstruction_error": 0.1948950284754704, "proportion_negatives": 0.0, "_timestamp": 1752700455.49743, "_runtime": 10.420600175857544, "_step": 0, "_wandb": {"runtime": 10}}