{"accuracy": 0.25, "ARI": 1.0, "NMI": 1.0, "normalized_loss": 0.10675088654020823, "reconstruction_error": 0.2131780616957223, "proportion_negatives": 0.0, "_timestamp": 1752701449.255509, "_runtime": 21.060964822769165, "_step": 0, "_wandb": {"runtime": 21}}