{"accuracy": 0.1111111111111111, "ARI": 1.0, "NMI": 1.0, "reconstruction_error": 0.0011805559100412457, "_timestamp": 1752620683.759226, "_runtime": 2.3495981693267822, "_step": 0, "_wandb": {"runtime": 2}}