{"accuracy": 0.25, "ARI": 1.0, "NMI": 1.0, "normalized_loss": 0.09080891011864299, "reconstruction_error": 0.2004995860454884, "proportion_negatives": 0.0, "_timestamp": 1752687474.668582, "_runtime": 10.31681489944458, "_step": 0, "_wandb": {"runtime": 10}}