{"accuracy": 0.0, "ARI": 0.712742980561555, "NMI": 0.8571428571428577, "normalized_loss": 0.11881638346570306, "reconstruction_error": 0.21338293872840883, "proportion_negatives": 0.0, "_timestamp": 1752692290.1065211, "_runtime": 76.92022323608398, "_step": 0, "_wandb": {"runtime": 76}}