{"accuracy": 0.07333333333333333, "ARI": 0.1083722519379363, "NMI": 0.15770741032794366, "reconstruction_error": 0.6715643373765058, "_timestamp": 1752624726.092573, "_runtime": 17.901319980621338, "_step": 0, "_wandb": {"runtime": 17}}