{"accuracy": 0.25, "ARI": 1.0, "NMI": 1.0, "normalized_loss": 0.08357138502693783, "reconstruction_error": 0.19654745422798836, "proportion_negatives": 0.0, "_timestamp": 1752701091.880944, "_runtime": 6.356053113937378, "_step": 0, "_wandb": {"runtime": 6}}