{"accuracy": 0.25, "ARI": 1.0, "NMI": 1.0, "normalized_loss": 0.07000209616918493, "reconstruction_error": 0.19845388988457435, "proportion_negatives": 0.0, "_timestamp": 1752696109.5826828, "_runtime": 19.862091779708862, "_step": 0, "_wandb": {"runtime": 20}}