{"accuracy": 0.10333333333333333, "ARI": 0.11727895931722965, "NMI": 0.18045677363292878, "reconstruction_error": 0.6532618511409121, "_timestamp": 1752622489.332959, "_runtime": 16.293295860290527, "_step": 0, "_wandb": {"runtime": 15}}