{"accuracy": 0.25, "ARI": 1.0, "NMI": 1.0, "reconstruction_error": 0.001387996929691671, "_timestamp": 1752617828.3260438, "_runtime": 1.7695107460021973, "_step": 0, "_wandb": {"runtime": 2}}