{"accuracy": 0.3233333333333333, "ARI": 0.1361736195506304, "NMI": 0.2371383947094042, "reconstruction_error": 0.6393821097510825, "_timestamp": 1752623733.1136372, "_runtime": 17.905769109725952, "_step": 0, "_wandb": {"runtime": 17}}