{"reconstruction_error":0.6260078466258034,"_timestamp":1.752620850052503e+09,"_runtime":18.87264,"_step":0,"_wandb":{"runtime":18},"accuracy":0.22333333333333333,"ARI":0.14545650512647837,"NMI":0.26484721206473716}