{"accuracy": 0.16, "ARI": 0.15422850215508857, "NMI": 0.23189240077311446, "reconstruction_error": 0.6603306131348537, "_timestamp": 1752624485.754397, "_runtime": 15.679955959320068, "_step": 0, "_wandb": {"runtime": 15}}