{"accuracy": 0.0, "ARI": 1.0, "NMI": 1.0, "normalized_loss": 0.12020338654890045, "reconstruction_error": 0.2257120272726965, "proportion_negatives": 0.0, "_timestamp": 1752700360.29511, "_runtime": 90.80002188682556, "_step": 0, "_wandb": {"runtime": 90}}