{"accuracy": 0.25, "ARI": 1.0, "NMI": 1.0, "normalized_loss": 0.11216627463110598, "reconstruction_error": 0.20782871210674453, "proportion_negatives": 0.0, "_timestamp": 1752695172.231206, "_runtime": 4.39389705657959, "_step": 0, "_wandb": {"runtime": 4}}