{"accuracy": 0.17, "ARI": 0.0966127855148061, "NMI": 0.1773721709285885, "reconstruction_error": 0.6596608617313418, "_timestamp": 1752623296.1025379, "_runtime": 16.4800808429718, "_step": 0, "_wandb": {"runtime": 16}}