{"accuracy": 0.25, "ARI": 1.0, "NMI": 1.0, "normalized_loss": 0.11560080212338357, "reconstruction_error": 0.2090258615035622, "proportion_negatives": 0.0, "_timestamp": 1752687870.824455, "_runtime": 60.657063007354736, "_step": 0, "_wandb": {"runtime": 60}}