{"accuracy": 0.25, "ARI": 1.0, "NMI": 1.0, "normalized_loss": 0.10515271014522877, "reconstruction_error": 0.2090239255121593, "proportion_negatives": 0.0, "_timestamp": 1752693011.079937, "_runtime": 51.213265895843506, "_step": 0, "_wandb": {"runtime": 51}}