{"accuracy": 0.25, "ARI": 1.0, "NMI": 1.0, "normalized_loss": 0.08728114749426538, "reconstruction_error": 0.19179258734924987, "proportion_negatives": 0.0, "_timestamp": 1752686730.551759, "_runtime": 6.578857898712158, "_step": 0, "_wandb": {"runtime": 7}}