{"accuracy": 0.18666666666666668, "ARI": 0.05161281054952632, "NMI": 0.07644099115344803, "reconstruction_error": 0.6518236585513372, "_timestamp": 1752624573.697748, "_runtime": 15.680031061172485, "_step": 0, "_wandb": {"runtime": 15}}