{"accuracy": 0.0, "ARI": 0.712742980561555, "NMI": 0.8571428571428577, "normalized_loss": 0.08950162153763412, "reconstruction_error": 0.20905206133397072, "proportion_negatives": 0.0, "_timestamp": 1752697060.346161, "_runtime": 49.229938983917236, "_step": 0, "_wandb": {"runtime": 49}}