{"accuracy": 0.016666666666666666, "ARI": 0.15438517444248104, "NMI": 0.22952138238481432, "reconstruction_error": 0.6415861645587895, "_timestamp": 1752623441.080909, "_runtime": 16.007088899612427, "_step": 0, "_wandb": {"runtime": 15}}