{"accuracy": 0.5, "ARI": 1.0, "NMI": 1.0, "reconstruction_error": 0.13535549553664086, "_timestamp": 1752612658.590973, "_runtime": 1.808924913406372, "_step": 0, "_wandb": {"runtime": 2}}