{"accuracy": 0.18666666666666668, "ARI": 0.13647770582053567, "NMI": 0.18962092306658074, "reconstruction_error": 0.6594145430147146, "_timestamp": 1752624346.071054, "_runtime": 15.676577091217041, "_step": 0, "_wandb": {"runtime": 15}}