{"accuracy": 0.18, "ARI": 0.14134205755503942, "NMI": 0.1913163996792103, "reconstruction_error": 0.6527421368376364, "_timestamp": 1752623016.185784, "_runtime": 15.727671146392822, "_step": 0, "_wandb": {"runtime": 15}}