{"accuracy": 0.25, "ARI": 1.0, "NMI": 1.0, "normalized_loss": 0.07050975555381976, "reconstruction_error": 0.19948997552734649, "proportion_negatives": 0.0, "_timestamp": 1752697674.7223418, "_runtime": 4.937630891799927, "_step": 0, "_wandb": {"runtime": 5}}