{"accuracy": 0.0, "ARI": 1.0, "NMI": 1.0, "normalized_loss": 0.07442417781413534, "reconstruction_error": 0.20384165364326698, "proportion_negatives": 0.0, "_timestamp": 1752706196.261311, "_runtime": 25.447790145874023, "_step": 0, "_wandb": {"runtime": 25}}