{"accuracy": 0.25, "ARI": 1.0, "NMI": 1.0, "normalized_loss": 0.08104599251321004, "reconstruction_error": 0.21633035829380845, "proportion_negatives": 0.0, "_timestamp": 1752700261.852457, "_runtime": 8.113752126693726, "_step": 0, "_wandb": {"runtime": 7}}