{"_timestamp":1.7526119942827451e+09,"_runtime":13.112863,"_step":0,"accuracy":0.4825,"ARI":0.9279070184310471,"_wandb":{"runtime":13},"NMI":0.9034430266069197,"reconstruction_error":0.200498818626464}