{"accuracy": 0.5075, "ARI": 0.703133692787967, "NMI": 0.8454043061647024, "reconstruction_error": 0.055984652261423365, "_timestamp": 1752617813.406618, "_runtime": 2.5999531745910645, "_step": 0, "_wandb": {"runtime": 3}}