{"accuracy": 0.25, "ARI": 1.0, "NMI": 1.0, "normalized_loss": 0.07909983934115618, "reconstruction_error": 0.20205856360048546, "proportion_negatives": 0.0, "_timestamp": 1752690486.25547, "_runtime": 30.394640922546387, "_step": 0, "_wandb": {"runtime": 30}}