{"accuracy": 0.25, "ARI": 1.0, "NMI": 1.0, "normalized_loss": 0.0769668591271986, "reconstruction_error": 0.20515357870316855, "proportion_negatives": 0.0, "_timestamp": 1752700538.290949, "_runtime": 30.722302198410034, "_step": 0, "_wandb": {"runtime": 30}}