{"accuracy": 0.22666666666666666, "ARI": 0.10890402037840112, "NMI": 0.20922756674670484, "reconstruction_error": 0.6586945177950875, "_timestamp": 1752621918.1981199, "_runtime": 15.076229810714722, "_step": 0, "_wandb": {"runtime": 14}}