{"accuracy": 0.25, "ARI": 1.0, "NMI": 1.0, "normalized_loss": 0.073799972035381, "reconstruction_error": 0.19949290419578045, "proportion_negatives": 0.0, "_timestamp": 1752704612.80423, "_runtime": 31.94249701499939, "_step": 0, "_wandb": {"runtime": 31}}