{"accuracy": 0.25, "ARI": 1.0, "NMI": 1.0, "normalized_loss": 0.10850308898745889, "reconstruction_error": 0.19643094969795663, "proportion_negatives": 0.0, "_timestamp": 1752689412.347094, "_runtime": 20.770780086517334, "_step": 0, "_wandb": {"runtime": 21}}