{"accuracy": 0.17666666666666667, "ARI": 0.051034994986506134, "NMI": 0.11653346880301499, "reconstruction_error": 0.6719492745357828, "_timestamp": 1752623955.7893171, "_runtime": 13.37418818473816, "_step": 0, "_wandb": {"runtime": 13}}