{"accuracy": 0.0, "ARI": 1.0, "NMI": 1.0, "normalized_loss": 0.0811490156875206, "reconstruction_error": 0.192465999111518, "proportion_negatives": 0.0, "_timestamp": 1752689381.2351282, "_runtime": 15.478856086730957, "_step": 0, "_wandb": {"runtime": 15}}