{"accuracy": 0.20666666666666667, "ARI": 0.07751101504122872, "NMI": 0.13252322822306295, "reconstruction_error": 0.6703776900272899, "_timestamp": 1752621322.031351, "_runtime": 12.58575701713562, "_step": 0, "_wandb": {"runtime": 12}}