{"accuracy": 0.13333333333333333, "ARI": 0.07038977117841866, "NMI": 0.11506968171738219, "reconstruction_error": 0.6641592935727094, "_timestamp": 1752622577.180898, "_runtime": 16.180940866470337, "_step": 0, "_wandb": {"runtime": 15}}