{"accuracy": 0.18, "ARI": 0.09190064749144643, "NMI": 0.18669501100569127, "reconstruction_error": 0.6567614389514659, "_timestamp": 1752624517.622596, "_runtime": 16.491475105285645, "_step": 0, "_wandb": {"runtime": 16}}