{"accuracy": 0.25, "ARI": 1.0, "NMI": 1.0, "normalized_loss": 0.08779098039782433, "reconstruction_error": 0.19939024351966184, "proportion_negatives": 0.0, "_timestamp": 1752685109.4592462, "_runtime": 13.681270122528076, "_step": 0, "_wandb": {"runtime": 13}}