{"accuracy": 0.25, "ARI": 0.712742980561555, "NMI": 0.8571428571428577, "normalized_loss": 0.11791387757978698, "reconstruction_error": 0.2186545805709245, "proportion_negatives": 0.0, "_timestamp": 1752687117.2807941, "_runtime": 84.26093816757202, "_step": 0, "_wandb": {"runtime": 84}}