{"accuracy": 0.25, "ARI": 1.0, "NMI": 1.0, "normalized_loss": 0.1027326693681188, "reconstruction_error": 0.20804704324399778, "proportion_negatives": 0.0, "_timestamp": 1752695040.135969, "_runtime": 27.05202603340149, "_step": 0, "_wandb": {"runtime": 27}}