{"accuracy": 0.0, "ARI": 1.0, "NMI": 1.0, "normalized_loss": 0.08788506241330989, "reconstruction_error": 0.21938836202253167, "proportion_negatives": 0.0, "_timestamp": 1752687262.676846, "_runtime": 75.59365606307983, "_step": 0, "_wandb": {"runtime": 75}}