{"accuracy": 0.0, "ARI": 1.0, "NMI": 1.0, "normalized_loss": 0.13130551884514202, "reconstruction_error": 0.22447889445688685, "proportion_negatives": 0.0, "_timestamp": 1752702573.2290711, "_runtime": 47.98488402366638, "_step": 0, "_wandb": {"runtime": 47}}