{"accuracy": 0.25, "ARI": 1.0, "NMI": 1.0, "normalized_loss": 0.11541382819478653, "reconstruction_error": 0.20031225022741936, "proportion_negatives": 0.0, "_timestamp": 1752705928.3434088, "_runtime": 6.6105427742004395, "_step": 0, "_wandb": {"runtime": 6}}