{"accuracy": 0.0, "ARI": 1.0, "NMI": 1.0, "normalized_loss": 0.08699649199159047, "reconstruction_error": 0.21724638011830089, "proportion_negatives": 0.0, "_timestamp": 1752698442.946014, "_runtime": 39.126976013183594, "_step": 0, "_wandb": {"runtime": 39}}