{"accuracy": 0.0, "ARI": 0.712742980561555, "NMI": 0.8571428571428577, "normalized_loss": 0.08413990600207286, "reconstruction_error": 0.22413071608870755, "proportion_negatives": 0.0, "_timestamp": 1752690392.049442, "_runtime": 14.242589950561523, "_step": 0, "_wandb": {"runtime": 14}}