{"accuracy": 0.25, "ARI": 1.0, "NMI": 1.0, "normalized_loss": 0.07474957476838082, "reconstruction_error": 0.2026089925163447, "proportion_negatives": 0.0, "_timestamp": 1752689847.464352, "_runtime": 8.464477777481079, "_step": 0, "_wandb": {"runtime": 8}}