{"accuracy": 0.06, "ARI": 0.10585264912665715, "NMI": 0.14987967391164073, "reconstruction_error": 0.6615169925147792, "_timestamp": 1752622923.3545458, "_runtime": 16.00075078010559, "_step": 0, "_wandb": {"runtime": 15}}