{"accuracy": 0.25, "ARI": 1.0, "NMI": 1.0, "normalized_loss": 0.09930359022294946, "reconstruction_error": 0.20478584617596798, "proportion_negatives": 0.0, "_timestamp": 1752700775.3543072, "_runtime": 4.016662120819092, "_step": 0, "_wandb": {"runtime": 4}}