{"accuracy": 0.05333333333333334, "ARI": 0.06551579075285141, "NMI": 0.13414841734693103, "reconstruction_error": 0.6616606336437215, "_timestamp": 1752624249.83117, "_runtime": 17.323166131973267, "_step": 0, "_wandb": {"runtime": 17}}