{"accuracy": 0.06666666666666667, "ARI": 0.11078079941680745, "NMI": 0.16580257674508497, "reconstruction_error": 0.679037867927251, "_timestamp": 1752622517.144928, "_runtime": 13.180892944335938, "_step": 0, "_wandb": {"runtime": 12}}