{"ARI":1,"NMI":1,"_timestamp":1.7526379958080928e+09,"_runtime":61.963382,"_step":0,"_wandb":{"runtime":62},"accuracy":1}