{"NMI":1,"_timestamp":1.752638303614461e+09,"reconstruction_error":0.19832908410083636,"proportion_negatives":0,"normalized_loss":0.04243262491976757,"_step":0,"ARI":1,"_wandb":{"runtime":7},"accuracy":1,"_runtime":6.755386}