{"accuracy": 0.25, "ARI": 1.0, "NMI": 1.0, "normalized_loss": 0.0791607298097509, "reconstruction_error": 0.20736431620023815, "proportion_negatives": 0.0, "_timestamp": 1752701965.281159, "_runtime": 4.148016929626465, "_step": 0, "_wandb": {"runtime": 4}}