{"accuracy": 0.09666666666666666, "ARI": 0.08936661781990383, "NMI": 0.1501920283164744, "reconstruction_error": 0.6527066110063487, "_timestamp": 1752623528.578994, "_runtime": 15.196085929870605, "_step": 0, "_wandb": {"runtime": 14}}