{"accuracy": 0.10666666666666667, "ARI": 0.06182520880331369, "NMI": 0.11787054699244243, "reconstruction_error": 0.6596192210126093, "_timestamp": 1752624102.534168, "_runtime": 14.597362041473389, "_step": 0, "_wandb": {"runtime": 14}}