{"accuracy": 0.25, "ARI": 1.0, "NMI": 1.0, "normalized_loss": 0.09261369277827407, "reconstruction_error": 0.19069931780342836, "proportion_negatives": 0.0, "_timestamp": 1752689957.321385, "_runtime": 10.526885986328125, "_step": 0, "_wandb": {"runtime": 10}}