{"accuracy": 1.0, "ARI": 1.0, "NMI": 1.0, "reconstruction_error": 0.001387996929691671, "_timestamp": 1752617748.487961, "_runtime": 1.8861451148986816, "_step": 0, "_wandb": {"runtime": 2}}