{"accuracy": 0.25, "ARI": 1.0, "NMI": 1.0, "normalized_loss": 0.11558521128547136, "reconstruction_error": 0.21500594579036292, "proportion_negatives": 0.0, "_timestamp": 1752701073.512683, "_runtime": 13.835093021392822, "_step": 0, "_wandb": {"runtime": 14}}