{"accuracy": 0.2633333333333333, "ARI": 0.09642330010366218, "NMI": 0.1664471661556408, "reconstruction_error": 0.656546549697614, "_timestamp": 1752621888.1053078, "_runtime": 15.832436800003052, "_step": 0, "_wandb": {"runtime": 15}}