{"accuracy": 0.25, "ARI": 1.0, "NMI": 1.0, "normalized_loss": 0.09390720972595694, "reconstruction_error": 0.19579476280453234, "proportion_negatives": 0.0, "_timestamp": 1752705829.3882382, "_runtime": 6.304506301879883, "_step": 0, "_wandb": {"runtime": 6}}