{"accuracy": 0.20333333333333334, "ARI": 0.1044580172247343, "NMI": 0.17126395029966915, "reconstruction_error": 0.6600455731059234, "_timestamp": 1752620941.643351, "_runtime": 15.585052967071533, "_step": 0, "_wandb": {"runtime": 15}}