{"accuracy": 0.25333333333333335, "ARI": 0.09139631657667963, "NMI": 0.14166833689904348, "reconstruction_error": 0.6628227440434024, "_timestamp": 1752621836.084705, "_runtime": 15.550665140151978, "_step": 0, "_wandb": {"runtime": 15}}