{"accuracy": 0.5075, "ARI": 0.6283355827224515, "NMI": 0.7486043956924959, "reconstruction_error": 0.059732912222145544, "_timestamp": 1752617934.633467, "_runtime": 2.513929843902588, "_step": 0, "_wandb": {"runtime": 3}}