{"accuracy": 0.25, "ARI": 1.0, "NMI": 1.0, "normalized_loss": 0.06829377508552277, "reconstruction_error": 0.19160683462488384, "proportion_negatives": 0.0, "_timestamp": 1752698803.8292968, "_runtime": 10.67159390449524, "_step": 0, "_wandb": {"runtime": 10}}