{"accuracy": 0.22, "ARI": 0.07462488204882846, "NMI": 0.11952130557913046, "reconstruction_error": 0.6732126551361116, "_timestamp": 1752622606.764234, "_runtime": 14.659332990646362, "_step": 0, "_wandb": {"runtime": 14}}