{"accuracy": 0.07666666666666666, "ARI": 0.05722171236409676, "NMI": 0.11838207602557406, "reconstruction_error": 0.6636023394311864, "_timestamp": 1752622402.3382049, "_runtime": 17.460973978042603, "_step": 0, "_wandb": {"runtime": 17}}