{"accuracy": 0.0, "ARI": 0.712742980561555, "NMI": 0.8571428571428577, "normalized_loss": 0.09350914902902815, "reconstruction_error": 0.21098313581593897, "proportion_negatives": 0.0, "_timestamp": 1752697335.919296, "_runtime": 34.92546200752258, "_step": 0, "_wandb": {"runtime": 34}}