{"accuracy": 0.25, "ARI": 1.0, "NMI": 1.0, "normalized_loss": 0.11502636073887303, "reconstruction_error": 0.2146100343470447, "proportion_negatives": 0.0, "_timestamp": 1752690590.727812, "_runtime": 9.85774302482605, "_step": 0, "_wandb": {"runtime": 9}}