{"accuracy": 0.0, "ARI": 0.712742980561555, "NMI": 0.8571428571428577, "normalized_loss": 0.08256802163233408, "reconstruction_error": 0.22060912716965997, "proportion_negatives": 0.0, "_timestamp": 1752705284.535576, "_runtime": 59.77086520195007, "_step": 0, "_wandb": {"runtime": 59}}