{"NMI":0.9057460992755195,"ARI":0.7812362998684788,"_runtime":22.229354,"_wandb":{"runtime":22},"accuracy":0,"_timestamp":1.752639898039839e+09,"_step":0,"normalized_loss":0.04316655520723009,"reconstruction_error":0.2001450382770155,"proportion_negatives":0}