{"accuracy": 0.25, "ARI": 1.0, "NMI": 1.0, "normalized_loss": 0.10096907745938291, "reconstruction_error": 0.20511314775548387, "proportion_negatives": 0.0, "_timestamp": 1752686713.021467, "_runtime": 9.888093948364258, "_step": 0, "_wandb": {"runtime": 10}}