{"accuracy": 0.2, "ARI": 0.05338760563092136, "NMI": 0.17582704467359936, "reconstruction_error": 0.667751788593492, "_timestamp": 1752622065.132494, "_runtime": 16.25447702407837, "_step": 0, "_wandb": {"runtime": 15}}