{"accuracy": 0.0, "ARI": 0.712742980561555, "NMI": 0.8571428571428577, "normalized_loss": 0.08626202703595585, "reconstruction_error": 0.20890463343615562, "proportion_negatives": 0.0, "_timestamp": 1752689827.934033, "_runtime": 76.58221983909607, "_step": 0, "_wandb": {"runtime": 76}}