{"accuracy": 0.043333333333333335, "ARI": 0.08244791454776403, "NMI": 0.1384875308323165, "reconstruction_error": 0.6655661217607132, "_timestamp": 1752623213.404564, "_runtime": 16.407063961029053, "_step": 0, "_wandb": {"runtime": 16}}