{"accuracy": 0.25, "ARI": 1.0, "NMI": 1.0, "normalized_loss": 0.09242939700676925, "reconstruction_error": 0.20855315788210993, "proportion_negatives": 0.0, "_timestamp": 1752705749.5491462, "_runtime": 3.6969170570373535, "_step": 0, "_wandb": {"runtime": 4}}