{"accuracy": 0.25, "ARI": 1.0, "NMI": 1.0, "normalized_loss": 0.0994930911987456, "reconstruction_error": 0.19983218571966663, "proportion_negatives": 0.0, "_timestamp": 1752695143.0468102, "_runtime": 6.6337730884552, "_step": 0, "_wandb": {"runtime": 6}}