{"accuracy": 0.25, "ARI": 1.0, "NMI": 1.0, "normalized_loss": 0.0993214287768093, "reconstruction_error": 0.20644329105868975, "proportion_negatives": 0.0, "_timestamp": 1752701221.9696782, "_runtime": 32.70214223861694, "_step": 0, "_wandb": {"runtime": 33}}