{"accuracy": 0.25, "ARI": 1.0, "NMI": 1.0, "normalized_loss": 0.10695243036763352, "reconstruction_error": 0.2097362874169341, "proportion_negatives": 0.0, "_timestamp": 1752706673.900157, "_runtime": 12.32383108139038, "_step": 0, "_wandb": {"runtime": 12}}