{"accuracy": 0.13, "ARI": 0.15155604607239964, "NMI": 0.20944527018936104, "reconstruction_error": 0.6598416366899343, "_timestamp": 1752622835.508526, "_runtime": 15.905249118804932, "_step": 0, "_wandb": {"runtime": 15}}