{"accuracy": 0.0, "ARI": 1.0, "NMI": 1.0, "normalized_loss": 0.08827392802594666, "reconstruction_error": 0.22330996968381692, "proportion_negatives": 0.0, "_timestamp": 1752705214.9492428, "_runtime": 31.47366189956665, "_step": 0, "_wandb": {"runtime": 31}}