{"accuracy": 0.25, "ARI": 1.0, "NMI": 1.0, "normalized_loss": 0.09794107796492837, "reconstruction_error": 0.21678670852867665, "proportion_negatives": 0.0, "_timestamp": 1752701704.505725, "_runtime": 12.543407917022705, "_step": 0, "_wandb": {"runtime": 12}}