{"accuracy": 0.25, "ARI": 1.0, "NMI": 1.0, "normalized_loss": 0.10853282825459039, "reconstruction_error": 0.21578149150901907, "proportion_negatives": 0.0, "_timestamp": 1752704104.941369, "_runtime": 19.173748016357422, "_step": 0, "_wandb": {"runtime": 19}}