{"accuracy": 0.25, "ARI": 1.0, "NMI": 1.0, "normalized_loss": 0.09069965962400871, "reconstruction_error": 0.20347300776479899, "proportion_negatives": 0.0, "_timestamp": 1752691041.736046, "_runtime": 23.183619022369385, "_step": 0, "_wandb": {"runtime": 23}}