{"accuracy": 0.25333333333333335, "ARI": 0.09311695018361736, "NMI": 0.17291587377292317, "reconstruction_error": 0.6516607270074555, "_timestamp": 1752621082.2968252, "_runtime": 16.110783100128174, "_step": 0, "_wandb": {"runtime": 15}}