{"accuracy": 0.25, "ARI": 0.712742980561555, "NMI": 0.8571428571428577, "normalized_loss": 0.08328862567074075, "reconstruction_error": 0.20593530706660598, "proportion_negatives": 0.0, "_timestamp": 1752699243.1422238, "_runtime": 51.55901074409485, "_step": 0, "_wandb": {"runtime": 51}}