{"accuracy": 0.03666666666666667, "ARI": 0.15695969839828916, "NMI": 0.2428516676321992, "reconstruction_error": 0.654003113201618, "_timestamp": 1752622665.061114, "_runtime": 15.919480085372925, "_step": 0, "_wandb": {"runtime": 15}}