{"accuracy": 0.435, "ARI": 0.7745690598675108, "NMI": 0.734446902600243, "reconstruction_error": 0.3111013783723904, "_timestamp": 1752612728.217302, "_runtime": 14.53800916671753, "_step": 0, "_wandb": {"runtime": 14}}