{"accuracy": 0.25, "ARI": 1.0, "NMI": 1.0, "normalized_loss": 0.08883496777787704, "reconstruction_error": 0.20191377876038613, "proportion_negatives": 0.0, "_timestamp": 1752707934.784734, "_runtime": 11.27372407913208, "_step": 0, "_wandb": {"runtime": 11}}