{"accuracy": 0.16, "ARI": 0.22144756971132132, "NMI": 0.30046886249792637, "reconstruction_error": 0.6508854428235148, "_timestamp": 1752620973.781044, "_runtime": 15.943903923034668, "_step": 0, "_wandb": {"runtime": 15}}