{"accuracy": 0.25, "ARI": 1.0, "NMI": 1.0, "normalized_loss": 0.1005194908163125, "reconstruction_error": 0.1933619970067955, "proportion_negatives": 0.0, "_timestamp": 1752689553.017592, "_runtime": 7.456459999084473, "_step": 0, "_wandb": {"runtime": 7}}