{"accuracy": 0.0, "ARI": 0.712742980561555, "NMI": 0.8571428571428577, "normalized_loss": 0.10005957543821956, "reconstruction_error": 0.2106141734397453, "proportion_negatives": 0.0, "_timestamp": 1752707355.554989, "_runtime": 23.216463088989258, "_step": 0, "_wandb": {"runtime": 23}}