{"accuracy": 0.0, "ARI": 0.712742980561555, "NMI": 0.8571428571428577, "normalized_loss": 0.09362453029093232, "reconstruction_error": 0.22458291777077563, "proportion_negatives": 0.0, "_timestamp": 1752696256.36956, "_runtime": 109.60116195678711, "_step": 0, "_wandb": {"runtime": 109}}