{"accuracy": 0.2725, "ARI": 0.585792339368896, "NMI": 0.5656606382507894, "reconstruction_error": 0.3949435456676947, "_timestamp": 1752612780.662234, "_runtime": 15.689462184906006, "_step": 0, "_wandb": {"runtime": 15}}