{"accuracy": 0.0, "ARI": 0.712742980561555, "NMI": 0.8571428571428577, "normalized_loss": 0.09279489259975207, "reconstruction_error": 0.21025065816847976, "proportion_negatives": 0.0, "_timestamp": 1752707854.677867, "_runtime": 35.07740592956543, "_step": 0, "_wandb": {"runtime": 35}}