{"accuracy": 0.0, "ARI": 1.0, "NMI": 1.0, "normalized_loss": 0.11746198273845203, "reconstruction_error": 0.20987882932035246, "proportion_negatives": 0.0, "_timestamp": 1752685172.547062, "_runtime": 35.22414302825928, "_step": 0, "_wandb": {"runtime": 35}}