{"accuracy": 0.25, "ARI": 1.0, "NMI": 1.0, "normalized_loss": 0.11906724549711964, "reconstruction_error": 0.21782409796056795, "proportion_negatives": 0.0, "_timestamp": 1752697099.348753, "_runtime": 26.63132905960083, "_step": 0, "_wandb": {"runtime": 26}}