{"accuracy": 0.25, "ARI": 1.0, "NMI": 1.0, "normalized_loss": 0.07755048898663505, "reconstruction_error": 0.20588043159695138, "proportion_negatives": 0.0, "_timestamp": 1752688772.4764311, "_runtime": 18.82939624786377, "_step": 0, "_wandb": {"runtime": 19}}