{"accuracy": 0.25, "ARI": 1.0, "NMI": 1.0, "normalized_loss": 0.1109419771651704, "reconstruction_error": 0.18999307636786855, "proportion_negatives": 0.0, "_timestamp": 1752704014.99373, "_runtime": 38.611217975616455, "_step": 0, "_wandb": {"runtime": 38}}