{"accuracy": 0.25, "ARI": 1.0, "NMI": 1.0, "normalized_loss": 0.08692417684739875, "reconstruction_error": 0.20846402313990153, "proportion_negatives": 0.0, "_timestamp": 1752707044.704493, "_runtime": 3.6337809562683105, "_step": 0, "_wandb": {"runtime": 3}}