{"accuracy": 0.25, "ARI": 1.0, "NMI": 1.0, "normalized_loss": 0.11537546221509029, "reconstruction_error": 0.2102816295432875, "proportion_negatives": 0.0, "_timestamp": 1752700496.068619, "_runtime": 30.214311122894287, "_step": 0, "_wandb": {"runtime": 30}}