{"accuracy": 0.25, "ARI": 1.0, "NMI": 1.0, "normalized_loss": 0.10073370085284519, "reconstruction_error": 0.1971573668051134, "proportion_negatives": 0.0, "_timestamp": 1752701608.86739, "_runtime": 20.870240926742554, "_step": 0, "_wandb": {"runtime": 21}}