{"accuracy": 0.25, "ARI": 1.0, "NMI": 1.0, "normalized_loss": 0.09665260069654141, "reconstruction_error": 0.21400093534675033, "proportion_negatives": 0.0, "_timestamp": 1752694827.0659919, "_runtime": 3.7611348628997803, "_step": 0, "_wandb": {"runtime": 4}}