{"accuracy": 0.0, "ARI": 1.0, "NMI": 1.0, "normalized_loss": 0.09834132745115831, "reconstruction_error": 0.21366508481865404, "proportion_negatives": 0.0, "_timestamp": 1752706890.3467798, "_runtime": 37.0138418674469, "_step": 0, "_wandb": {"runtime": 37}}