{"accuracy": 0.0, "ARI": 1.0, "NMI": 1.0, "normalized_loss": 0.09128383517588734, "reconstruction_error": 0.1933276535065815, "proportion_negatives": 0.0, "_timestamp": 1752696545.959139, "_runtime": 77.41847610473633, "_step": 0, "_wandb": {"runtime": 77}}