{"accuracy": 0.0, "ARI": 0.712742980561555, "NMI": 0.8571428571428577, "normalized_loss": 0.07393291235019478, "reconstruction_error": 0.2000485435013049, "proportion_negatives": 0.0, "_timestamp": 1752707261.193689, "_runtime": 57.83034014701843, "_step": 0, "_wandb": {"runtime": 57}}