{"accuracy": 0.25, "ARI": 1.0, "NMI": 1.0, "normalized_loss": 0.08478598597055916, "reconstruction_error": 0.19734893644583704, "proportion_negatives": 0.0, "_timestamp": 1752693947.506551, "_runtime": 11.177427053451538, "_step": 0, "_wandb": {"runtime": 11}}