{"accuracy": 0.25, "ARI": 1.0, "NMI": 1.0, "normalized_loss": 0.10209875969833049, "reconstruction_error": 0.20828270306486976, "proportion_negatives": 0.0, "_timestamp": 1752691768.47944, "_runtime": 42.74722409248352, "_step": 0, "_wandb": {"runtime": 42}}