{"accuracy": 0.17333333333333334, "ARI": 0.015522273425499233, "NMI": 0.027345330968021473, "reconstruction_error": 0.6794914841310318, "_timestamp": 1752621974.779169, "_runtime": 14.04679012298584, "_step": 0, "_wandb": {"runtime": 13}}