{"accuracy": 0.09, "ARI": 0.04270298089986414, "NMI": 0.09459312634588142, "reconstruction_error": 0.6850847028632799, "_timestamp": 1752623672.868938, "_runtime": 14.346189022064209, "_step": 0, "_wandb": {"runtime": 13}}