{"accuracy": 0.25, "ARI": 1.0, "NMI": 1.0, "normalized_loss": 0.09566307425827615, "reconstruction_error": 0.20953744244535666, "proportion_negatives": 0.0, "_timestamp": 1752691926.268683, "_runtime": 10.03728985786438, "_step": 0, "_wandb": {"runtime": 10}}