{"accuracy": 0.16666666666666666, "ARI": 0.10346496668681544, "NMI": 0.18330890167022132, "reconstruction_error": 0.6521388525687065, "_timestamp": 1752623931.609948, "_runtime": 15.20707893371582, "_step": 0, "_wandb": {"runtime": 14}}