{"accuracy": 0.0, "ARI": 0.712742980561555, "NMI": 0.8571428571428577, "normalized_loss": 0.07581083431064892, "reconstruction_error": 0.2019079824453784, "proportion_negatives": 0.0, "_timestamp": 1752703518.723086, "_runtime": 15.24444317817688, "_step": 0, "_wandb": {"runtime": 15}}