{"accuracy": 0.22, "ARI": 0.05333499528520759, "NMI": 0.10247922195541524, "reconstruction_error": 0.6716743548440257, "_timestamp": 1752623098.223458, "_runtime": 14.809566974639893, "_step": 0, "_wandb": {"runtime": 14}}