{"accuracy": 0.21666666666666667, "ARI": 0.03098796461773243, "NMI": 0.0456335739028277, "reconstruction_error": 0.6746800702235531, "_timestamp": 1752621690.5767171, "_runtime": 14.409958124160767, "_step": 0, "_wandb": {"runtime": 14}}