{"accuracy": 0.25, "ARI": 1.0, "NMI": 1.0, "normalized_loss": 0.10072496098282499, "reconstruction_error": 0.21027651772302955, "proportion_negatives": 0.0, "_timestamp": 1752704416.925756, "_runtime": 17.245584964752197, "_step": 0, "_wandb": {"runtime": 17}}