{"accuracy": 0.25, "ARI": 1.0, "NMI": 1.0, "normalized_loss": 0.09158737734488984, "reconstruction_error": 0.1969631065394827, "proportion_negatives": 0.0, "_timestamp": 1752706491.241469, "_runtime": 21.47024393081665, "_step": 0, "_wandb": {"runtime": 21}}