{"accuracy": 0.25, "ARI": 1.0, "NMI": 1.0, "normalized_loss": 0.07184359312536967, "reconstruction_error": 0.20318615884489274, "proportion_negatives": 0.0, "_timestamp": 1752685304.890697, "_runtime": 28.89815402030945, "_step": 0, "_wandb": {"runtime": 29}}