{"accuracy": 0.07333333333333333, "ARI": 0.1266198769859229, "NMI": 0.17521166868944918, "reconstruction_error": 0.6537071127323948, "_timestamp": 1752621717.548465, "_runtime": 15.730062007904053, "_step": 0, "_wandb": {"runtime": 15}}