{"accuracy": 0.20333333333333334, "ARI": 0.1555763423637543, "NMI": 0.24166766179515103, "reconstruction_error": 0.6476745256801381, "_timestamp": 1752622035.303079, "_runtime": 17.40142297744751, "_step": 0, "_wandb": {"runtime": 17}}