{"accuracy": 0.21333333333333335, "ARI": 0.013567947497159437, "NMI": 0.08188473739828026, "reconstruction_error": 0.6709124339980359, "_timestamp": 1752622002.521887, "_runtime": 15.883023977279663, "_step": 0, "_wandb": {"runtime": 15}}