{"accuracy": 0.0, "ARI": 0.712742980561555, "NMI": 0.8571428571428577, "normalized_loss": 0.0815623559383989, "reconstruction_error": 0.19682190895184098, "proportion_negatives": 0.0, "_timestamp": 1752699851.610326, "_runtime": 17.424517154693604, "_step": 0, "_wandb": {"runtime": 17}}