{"accuracy": 0.25, "ARI": 1.0, "NMI": 1.0, "normalized_loss": 0.11408986146512407, "reconstruction_error": 0.2124833522145599, "proportion_negatives": 0.0, "_timestamp": 1752707631.8895931, "_runtime": 5.525622129440308, "_step": 0, "_wandb": {"runtime": 5}}