{"accuracy": 0.0, "ARI": 0.712742980561555, "NMI": 0.8571428571428577, "normalized_loss": 0.08434467245100812, "reconstruction_error": 0.2059525886906351, "proportion_negatives": 0.0, "_timestamp": 1752697407.111398, "_runtime": 37.11235499382019, "_step": 0, "_wandb": {"runtime": 37}}