{"accuracy": 0.215, "ARI": 0.6532960489754153, "NMI": 0.6048454975392024, "reconstruction_error": 0.35574848742611587, "_timestamp": 1752612755.1122088, "_runtime": 15.882044792175293, "_step": 0, "_wandb": {"runtime": 15}}