{"accuracy": 0.25, "ARI": 1.0, "NMI": 1.0, "normalized_loss": 0.09118757917276772, "reconstruction_error": 0.19787446546088225, "proportion_negatives": 0.0, "_timestamp": 1752694930.229963, "_runtime": 38.98059606552124, "_step": 0, "_wandb": {"runtime": 39}}