{"accuracy": 0.25, "ARI": 1.0, "NMI": 1.0, "normalized_loss": 0.09483375922552127, "reconstruction_error": 0.201508329335482, "proportion_negatives": 0.0, "_timestamp": 1752691567.406102, "_runtime": 6.145607948303223, "_step": 0, "_wandb": {"runtime": 6}}