{"accuracy": 0.25, "ARI": 1.0, "NMI": 1.0, "normalized_loss": 0.0888957068569587, "reconstruction_error": 0.20097559199553133, "proportion_negatives": 0.0, "_timestamp": 1752707029.005041, "_runtime": 13.825750827789307, "_step": 0, "_wandb": {"runtime": 14}}