{"accuracy": 0.0, "ARI": 0.712742980561555, "NMI": 0.8571428571428577, "normalized_loss": 0.08631731707137372, "reconstruction_error": 0.21088768792585005, "proportion_negatives": 0.0, "_timestamp": 1752688577.8836281, "_runtime": 82.36022424697876, "_step": 0, "_wandb": {"runtime": 82}}