{"accuracy": 0.25, "ARI": 1.0, "NMI": 1.0, "normalized_loss": 0.07307658226616602, "reconstruction_error": 0.19771175001168956, "proportion_negatives": 0.0, "_timestamp": 1752685547.629652, "_runtime": 24.870018005371094, "_step": 0, "_wandb": {"runtime": 25}}