{"accuracy": 0.25, "ARI": 1.0, "NMI": 1.0, "normalized_loss": 0.07016816626945581, "reconstruction_error": 0.1977031501220794, "proportion_negatives": 0.0, "_timestamp": 1752703184.340874, "_runtime": 6.2122650146484375, "_step": 0, "_wandb": {"runtime": 6}}