{"accuracy": 0.0, "ARI": 0.712742980561555, "NMI": 0.8571428571428577, "normalized_loss": 0.08772659665956872, "reconstruction_error": 0.1968337480247825, "proportion_negatives": 0.0, "_timestamp": 1752696340.5901089, "_runtime": 12.33430790901184, "_step": 0, "_wandb": {"runtime": 12}}