{"accuracy": 0.0, "ARI": 1.0, "NMI": 1.0, "normalized_loss": 0.10418150986490726, "reconstruction_error": 0.21684610252740574, "proportion_negatives": 0.0, "_timestamp": 1752704372.78272, "_runtime": 96.6023211479187, "_step": 0, "_wandb": {"runtime": 96}}