{"accuracy": 0.0, "ARI": 1.0, "NMI": 1.0, "normalized_loss": 0.10177950200321469, "reconstruction_error": 0.1931749176550139, "proportion_negatives": 0.0, "_timestamp": 1752687703.1187599, "_runtime": 38.80072283744812, "_step": 0, "_wandb": {"runtime": 38}}