{"accuracy": 0.18333333333333332, "ARI": 0.0977905418341949, "NMI": 0.17225061154492002, "reconstruction_error": 0.6740368644680985, "_timestamp": 1752621514.406073, "_runtime": 14.04961109161377, "_step": 0, "_wandb": {"runtime": 13}}