{"accuracy": 0.20333333333333334, "ARI": 0.07733579737093273, "NMI": 0.1481444486460478, "reconstruction_error": 0.6599513378488109, "_timestamp": 1752623186.1764932, "_runtime": 15.147716283798218, "_step": 0, "_wandb": {"runtime": 14}}