{"accuracy": 0.25, "ARI": 1.0, "NMI": 1.0, "normalized_loss": 0.0806634729626261, "reconstruction_error": 0.20466898436685702, "proportion_negatives": 0.0, "_timestamp": 1752688997.209549, "_runtime": 27.710509061813354, "_step": 0, "_wandb": {"runtime": 27}}