{"accuracy": 0.0, "ARI": 0.712742980561555, "NMI": 0.8571428571428577, "normalized_loss": 0.07847878540617023, "reconstruction_error": 0.21451754819991833, "proportion_negatives": 0.0, "_timestamp": 1752704453.776891, "_runtime": 27.986346006393433, "_step": 0, "_wandb": {"runtime": 28}}