{"accuracy": 0.25, "ARI": 1.0, "NMI": 1.0, "normalized_loss": 0.07731652140605107, "reconstruction_error": 0.2097320550706704, "proportion_negatives": 0.0, "_timestamp": 1752707724.574064, "_runtime": 3.6720309257507324, "_step": 0, "_wandb": {"runtime": 3}}