{"accuracy": 0.08333333333333333, "ARI": 0.056292030845198626, "NMI": 0.08478570282380829, "reconstruction_error": 0.6576921201194846, "_timestamp": 1752624128.667116, "_runtime": 14.804177045822144, "_step": 0, "_wandb": {"runtime": 14}}