{"accuracy": 0.13333333333333333, "ARI": 0.058014056768201754, "NMI": 0.08951176866228738, "reconstruction_error": 0.6607557223218611, "_timestamp": 1752622953.634933, "_runtime": 15.438747882843018, "_step": 0, "_wandb": {"runtime": 15}}