{"accuracy": 0.0, "ARI": 1.0, "NMI": 1.0, "normalized_loss": 0.09864644171227423, "reconstruction_error": 0.2056866887927524, "proportion_negatives": 0.0, "_timestamp": 1752696730.343231, "_runtime": 50.610288858413696, "_step": 0, "_wandb": {"runtime": 51}}