{"accuracy": 0.25, "ARI": 1.0, "NMI": 1.0, "normalized_loss": 0.08831278360730001, "reconstruction_error": 0.21845674038559512, "proportion_negatives": 0.0, "_timestamp": 1752705492.902551, "_runtime": 67.20998096466064, "_step": 0, "_wandb": {"runtime": 67}}