{"accuracy": 0.25, "ARI": 1.0, "NMI": 1.0, "normalized_loss": 0.11949121551589971, "reconstruction_error": 0.2019913877983255, "proportion_negatives": 0.0, "_timestamp": 1752686214.3583171, "_runtime": 5.580140113830566, "_step": 0, "_wandb": {"runtime": 5}}