{"accuracy": 1.0, "ARI": 1.0, "NMI": 1.0, "reconstruction_error": 0.06851680028327925, "_timestamp": 1752612647.8944352, "_runtime": 1.5508441925048828, "_step": 0, "_wandb": {"runtime": 2}}