{"accuracy": 0.015, "ARI": 0.8778533923724461, "NMI": 0.8442840436194429, "reconstruction_error": 0.25923965873566673, "_timestamp": 1752612703.5778072, "_runtime": 15.60384726524353, "_step": 0, "_wandb": {"runtime": 15}}