{"accuracy": 0.25, "ARI": 1.0, "NMI": 1.0, "normalized_loss": 0.08911469257100488, "reconstruction_error": 0.19067565769522246, "proportion_negatives": 0.0, "_timestamp": 1752685006.799526, "_runtime": 9.138947010040283, "_step": 0, "_wandb": {"runtime": 9}}