{"accuracy": 0.0, "ARI": 0.712742980561555, "NMI": 0.8571428571428577, "normalized_loss": 0.10191158120838392, "reconstruction_error": 0.21298667381099762, "proportion_negatives": 0.0, "_timestamp": 1752695312.028023, "_runtime": 107.62252712249756, "_step": 0, "_wandb": {"runtime": 107}}