{"accuracy": 0.0, "ARI": 0.712742980561555, "NMI": 0.8571428571428577, "normalized_loss": 0.07856382241785326, "reconstruction_error": 0.20835569265791568, "proportion_negatives": 0.0, "_timestamp": 1752696291.963316, "_runtime": 27.15511202812195, "_step": 0, "_wandb": {"runtime": 27}}