{"accuracy": 0.05333333333333334, "ARI": 0.08502091881297037, "NMI": 0.15401718000174935, "reconstruction_error": 0.67570420006935, "_timestamp": 1752624075.6746318, "_runtime": 13.702574729919434, "_step": 0, "_wandb": {"runtime": 13}}