{"accuracy": 0.25, "ARI": 1.0, "NMI": 1.0, "normalized_loss": 0.08719301297123132, "reconstruction_error": 0.18786961420560966, "proportion_negatives": 0.0, "_timestamp": 1752704218.615166, "_runtime": 40.271419048309326, "_step": 0, "_wandb": {"runtime": 40}}