{"accuracy": 0.09, "ARI": 0.052189590267703936, "NMI": 0.08822474847495637, "reconstruction_error": 0.6728301143236672, "_timestamp": 1752621487.233403, "_runtime": 12.61802887916565, "_step": 0, "_wandb": {"runtime": 12}}