{"accuracy": 0.0, "ARI": 0.712742980561555, "NMI": 0.8571428571428577, "normalized_loss": 0.09319923912486543, "reconstruction_error": 0.21241067557513474, "proportion_negatives": 0.0, "_timestamp": 1752701556.175601, "_runtime": 96.94961309432983, "_step": 0, "_wandb": {"runtime": 97}}