{"accuracy": 0.25, "ARI": 0.712742980561555, "NMI": 0.8571428571428577, "normalized_loss": 0.07905001339498798, "reconstruction_error": 0.21036381289609654, "proportion_negatives": 0.0, "_timestamp": 1752704716.7877471, "_runtime": 94.64160919189453, "_step": 0, "_wandb": {"runtime": 94}}