{"accuracy": 0.0, "ARI": 1.0, "NMI": 1.0, "normalized_loss": 0.09789085475440593, "reconstruction_error": 0.21118518755920218, "proportion_negatives": 0.0, "_timestamp": 1752686334.096421, "_runtime": 109.34960508346558, "_step": 0, "_wandb": {"runtime": 109}}