{"accuracy": 0.2833333333333333, "ARI": 0.11842754436328673, "NMI": 0.18846871753897, "reconstruction_error": 0.6660545459181795, "_timestamp": 1752623471.7394822, "_runtime": 15.622725248336792, "_step": 0, "_wandb": {"runtime": 15}}