{"accuracy": 0.25, "ARI": 1.0, "NMI": 1.0, "normalized_loss": 0.1151216579238941, "reconstruction_error": 0.20187171025091816, "proportion_negatives": 0.0, "_timestamp": 1752706017.454747, "_runtime": 22.56608295440674, "_step": 0, "_wandb": {"runtime": 22}}