{"accuracy": 0.165, "ARI": 0.9919531542207229, "NMI": 0.9895675974943833, "reconstruction_error": 0.1161520910057886, "_timestamp": 1752624851.374538, "_runtime": 3.543148994445801, "_step": 0, "_wandb": {"runtime": 3}}