{"accuracy": 0.09333333333333334, "ARI": 0.12006848452746038, "NMI": 0.15579499128819474, "reconstruction_error": 0.6577221367684769, "_timestamp": 1752624605.815993, "_runtime": 16.79340410232544, "_step": 0, "_wandb": {"runtime": 16}}