{"accuracy": 0.0, "ARI": 0.712742980561555, "NMI": 0.8571428571428577, "normalized_loss": 0.12014466587655144, "reconstruction_error": 0.23180176061629224, "proportion_negatives": 0.0, "_timestamp": 1752687654.739032, "_runtime": 72.65757012367249, "_step": 0, "_wandb": {"runtime": 72}}