{"NMI":0.9544553223526991,"reconstruction_error":0.23982334316885148,"_timestamp":1.752612401700205e+09,"_runtime":1.676889,"_step":0,"accuracy":0.4975,"_wandb":{"runtime":1},"ARI":0.9667237332394819}