{"accuracy": 0.12666666666666668, "ARI": 0.1211310591637048, "NMI": 0.22664783613234213, "reconstruction_error": 0.6622559023146712, "_timestamp": 1752621542.2064881, "_runtime": 16.05909824371338, "_step": 0, "_wandb": {"runtime": 15}}