{"accuracy": 0.25, "ARI": 1.0, "NMI": 1.0, "normalized_loss": 0.08881888078116419, "reconstruction_error": 0.20564959272496386, "proportion_negatives": 0.0, "_timestamp": 1752703352.568966, "_runtime": 4.240857839584351, "_step": 0, "_wandb": {"runtime": 4}}