{"accuracy": 0.13333333333333333, "ARI": 0.08014739047752747, "NMI": 0.1351578134260059, "reconstruction_error": 0.6660258532530211, "_timestamp": 1752624016.5879512, "_runtime": 16.781593084335327, "_step": 0, "_wandb": {"runtime": 16}}