{"accuracy": 0.25, "ARI": 1.0, "NMI": 1.0, "normalized_loss": 0.08943530852599194, "reconstruction_error": 0.20188457688374886, "proportion_negatives": 0.0, "_timestamp": 1752703673.340783, "_runtime": 30.504931211471558, "_step": 0, "_wandb": {"runtime": 30}}