{"accuracy": 0.25, "ARI": 1.0, "NMI": 1.0, "normalized_loss": 0.07238634549404474, "reconstruction_error": 0.19192430353165246, "proportion_negatives": 0.0, "_timestamp": 1752690143.5606358, "_runtime": 25.923983812332153, "_step": 0, "_wandb": {"runtime": 25}}