{"accuracy": 0.22333333333333333, "ARI": 0.047833022453768796, "NMI": 0.1318004922813141, "reconstruction_error": 0.6753565507826514, "_timestamp": 1752623244.073002, "_runtime": 16.21114706993103, "_step": 0, "_wandb": {"runtime": 15}}