{"accuracy": 0.0, "ARI": 0.712742980561555, "NMI": 0.8571428571428577, "normalized_loss": 0.10334430010485729, "reconstruction_error": 0.21051797495619012, "proportion_negatives": 0.0, "_timestamp": 1752706635.48818, "_runtime": 20.521333932876587, "_step": 0, "_wandb": {"runtime": 20}}