{"accuracy": 0.25, "ARI": 1.0, "NMI": 1.0, "normalized_loss": 0.10305907313864375, "reconstruction_error": 0.20820622573987155, "proportion_negatives": 0.0, "_timestamp": 1752707163.35311, "_runtime": 108.67281007766724, "_step": 0, "_wandb": {"runtime": 109}}