{"accuracy": 0.21, "ARI": 0.14712746456833728, "NMI": 0.22571554580444977, "reconstruction_error": 0.6673355305702956, "_timestamp": 1752622864.779257, "_runtime": 14.18438196182251, "_step": 0, "_wandb": {"runtime": 13}}