{"accuracy": 0.0, "ARI": 0.712742980561555, "NMI": 0.8571428571428577, "normalized_loss": 0.09648643769606668, "reconstruction_error": 0.21439915730383724, "proportion_negatives": 0.0, "_timestamp": 1752699067.90274, "_runtime": 73.14312100410461, "_step": 0, "_wandb": {"runtime": 73}}