{"accuracy": 0.09, "ARI": 0.0713351392664283, "NMI": 0.2090886276404316, "reconstruction_error": 0.6723429184742247, "_timestamp": 1752622266.1030788, "_runtime": 15.990680932998657, "_step": 0, "_wandb": {"runtime": 15}}