{"accuracy": 0.0, "ARI": 1.0, "NMI": 1.0, "normalized_loss": 0.07973698421611197, "reconstruction_error": 0.1976727451003432, "proportion_negatives": 0.0, "_timestamp": 1752693075.596357, "_runtime": 28.04803204536438, "_step": 0, "_wandb": {"runtime": 28}}