{"accuracy": 0.27, "ARI": 0.1489889400288521, "NMI": 0.22923722786881004, "reconstruction_error": 0.6551382003166958, "_timestamp": 1752623824.196665, "_runtime": 16.05046796798706, "_step": 0, "_wandb": {"runtime": 15}}