{"accuracy": 0.25, "ARI": 1.0, "NMI": 1.0, "normalized_loss": 0.07843375557268475, "reconstruction_error": 0.21642835768778304, "proportion_negatives": 0.0, "_timestamp": 1752694367.685475, "_runtime": 26.243977069854736, "_step": 0, "_wandb": {"runtime": 26}}