{"accuracy": 0.1175, "ARI": 0.8618803320565536, "NMI": 0.9497609910666115, "reconstruction_error": 0.03988388812478376, "_timestamp": 1752620673.2173529, "_runtime": 2.1900529861450195, "_step": 0, "_wandb": {"runtime": 2}}