{"accuracy": 0.0, "ARI": 0.712742980561555, "NMI": 0.8571428571428577, "normalized_loss": 0.08271610250950427, "reconstruction_error": 0.21497886321824536, "proportion_negatives": 0.0, "_timestamp": 1752707787.7097611, "_runtime": 30.283234119415283, "_step": 0, "_wandb": {"runtime": 30}}