{"accuracy": 0.25, "ARI": 1.0, "NMI": 1.0, "normalized_loss": 0.08127944931425823, "reconstruction_error": 0.20795069846186812, "proportion_negatives": 0.0, "_timestamp": 1752702889.455845, "_runtime": 87.64386415481567, "_step": 0, "_wandb": {"runtime": 88}}