{"accuracy": 0.0, "ARI": 1.0, "NMI": 1.0, "normalized_loss": 0.09364095383122635, "reconstruction_error": 0.21743710103772568, "proportion_negatives": 0.0, "_timestamp": 1752694520.665776, "_runtime": 59.73451089859009, "_step": 0, "_wandb": {"runtime": 59}}