{"accuracy": 0.25, "ARI": 1.0, "NMI": 1.0, "normalized_loss": 0.10504202884119006, "reconstruction_error": 0.19775558521398776, "proportion_negatives": 0.0, "_timestamp": 1752705544.1804612, "_runtime": 4.971271276473999, "_step": 0, "_wandb": {"runtime": 5}}