{"accuracy": 0.25, "ARI": 1.0, "NMI": 1.0, "normalized_loss": 0.11780326170500656, "reconstruction_error": 0.20436488058806732, "proportion_negatives": 0.0, "_timestamp": 1752704391.9897778, "_runtime": 8.063164710998535, "_step": 0, "_wandb": {"runtime": 8}}