{"accuracy": 0.19333333333333333, "ARI": 0.04276023836693293, "NMI": 0.08442940836940842, "reconstruction_error": 0.6551256362079276, "_timestamp": 1752622147.547719, "_runtime": 16.094002962112427, "_step": 0, "_wandb": {"runtime": 15}}