{"accuracy": 0.0, "ARI": 0.712742980561555, "NMI": 0.8571428571428577, "normalized_loss": 0.12538948248424905, "reconstruction_error": 0.22127532543287393, "proportion_negatives": 0.0, "_timestamp": 1752703865.314831, "_runtime": 33.07796502113342, "_step": 0, "_wandb": {"runtime": 33}}