{"accuracy": 0.19333333333333333, "ARI": 0.1276595816299001, "NMI": 0.19476560933923107, "reconstruction_error": 0.641302631522426, "_timestamp": 1752623643.705077, "_runtime": 16.185834884643555, "_step": 0, "_wandb": {"runtime": 15}}