{"accuracy": 0.0, "ARI": 0.712742980561555, "NMI": 0.8571428571428577, "normalized_loss": 0.10493905667364929, "reconstruction_error": 0.21102633731107115, "proportion_negatives": 0.0, "_timestamp": 1752699180.377356, "_runtime": 82.73228716850281, "_step": 0, "_wandb": {"runtime": 83}}