{"accuracy": 0.0, "ARI": 0.712742980561555, "NMI": 0.8571428571428577, "normalized_loss": 0.09594441399832097, "reconstruction_error": 0.21517414167302762, "proportion_negatives": 0.0, "_timestamp": 1752692645.739752, "_runtime": 71.44403910636902, "_step": 0, "_wandb": {"runtime": 71}}