{"accuracy": 0.25, "ARI": 0.9801537796138619, "NMI": 0.9756178750526205, "reconstruction_error": 0.019716417180018507, "_timestamp": 1752617880.698337, "_runtime": 1.5354461669921875, "_step": 0, "_wandb": {"runtime": 2}}