{"accuracy": 0.25, "ARI": 1.0, "NMI": 1.0, "normalized_loss": 0.094795669954658, "reconstruction_error": 0.20123161481702784, "proportion_negatives": 0.0, "_timestamp": 1752698373.6914392, "_runtime": 47.65958309173584, "_step": 0, "_wandb": {"runtime": 48}}