{"accuracy": 0.21666666666666667, "ARI": 0.12171223942759259, "NMI": 0.19546417217678058, "reconstruction_error": 0.6630139963992228, "_timestamp": 1752621137.9476218, "_runtime": 15.17877984046936, "_step": 0, "_wandb": {"runtime": 14}}