{"accuracy": 0.285, "ARI": 0.3189976285379513, "NMI": 0.3121355844281986, "reconstruction_error": 0.4780561349376382, "_timestamp": 1752612852.890363, "_runtime": 10.976302862167358, "_step": 0, "_wandb": {"runtime": 10}}