{"accuracy": 0.18333333333333332, "ARI": 0.06987739608253137, "NMI": 0.1654988565595701, "reconstruction_error": 0.6658251529916347, "_timestamp": 1752622693.230228, "_runtime": 18.219555854797363, "_step": 0, "_wandb": {"runtime": 17}}