{"accuracy": 0.25, "ARI": 1.0, "NMI": 1.0, "normalized_loss": 0.08293176437939195, "reconstruction_error": 0.21111530214638438, "proportion_negatives": 0.0, "_timestamp": 1752702914.697477, "_runtime": 15.707690000534058, "_step": 0, "_wandb": {"runtime": 15}}