{"accuracy": 0.16666666666666666, "ARI": 1.0, "NMI": 1.0, "reconstruction_error": 0.0012854836289748935, "_timestamp": 1752620652.5965528, "_runtime": 2.2251358032226562, "_step": 0, "_wandb": {"runtime": 2}}