{"accuracy": 0.0, "ARI": 1.0, "NMI": 1.0, "normalized_loss": 0.08670254518624901, "reconstruction_error": 0.21200132956788903, "proportion_negatives": 0.0, "_timestamp": 1752694004.919969, "_runtime": 16.109179973602295, "_step": 0, "_wandb": {"runtime": 16}}