{"accuracy": 0.0, "ARI": 1.0, "NMI": 1.0, "normalized_loss": 0.10845984037733271, "reconstruction_error": 0.21268512600987205, "proportion_negatives": 0.0, "_timestamp": 1752696316.04217, "_runtime": 15.010158061981201, "_step": 0, "_wandb": {"runtime": 15}}