{"accuracy": 0.25, "ARI": 1.0, "NMI": 1.0, "normalized_loss": 0.09596797806519673, "reconstruction_error": 0.20262426013524776, "proportion_negatives": 0.0, "_timestamp": 1752691714.564321, "_runtime": 19.7050359249115, "_step": 0, "_wandb": {"runtime": 19}}