{"accuracy": 0.25, "ARI": 1.0, "NMI": 1.0, "normalized_loss": 0.10955623814969795, "reconstruction_error": 0.1938176549792365, "proportion_negatives": 0.0, "_timestamp": 1752695936.5171719, "_runtime": 27.242310762405396, "_step": 0, "_wandb": {"runtime": 27}}