{"accuracy": 0.25, "ARI": 1.0, "NMI": 1.0, "normalized_loss": 0.10369414154392, "reconstruction_error": 0.1983504252942733, "proportion_negatives": 0.0, "_timestamp": 1752690737.125891, "_runtime": 11.843883991241455, "_step": 0, "_wandb": {"runtime": 12}}