{"accuracy": 0.0, "ARI": 0.712742980561555, "NMI": 0.8571428571428577, "normalized_loss": 0.12821785503959907, "reconstruction_error": 0.21666869256930368, "proportion_negatives": 0.0, "_timestamp": 1752700124.43003, "_runtime": 58.94291710853577, "_step": 0, "_wandb": {"runtime": 59}}