{"accuracy": 0.0, "ARI": 1.0, "NMI": 1.0, "normalized_loss": 0.0856212458073689, "reconstruction_error": 0.21594856380851155, "proportion_negatives": 0.0, "_timestamp": 1752688142.08622, "_runtime": 21.00558304786682, "_step": 0, "_wandb": {"runtime": 21}}