{"accuracy": 0.05, "ARI": 0.1297512748194457, "NMI": 0.2056162386029455, "reconstruction_error": 0.6536570897829252, "_timestamp": 1752624697.1057532, "_runtime": 14.864812135696411, "_step": 0, "_wandb": {"runtime": 14}}