{"accuracy": 0.23, "ARI": 0.07598577498257132, "NMI": 0.13128923331146486, "reconstruction_error": 0.6631725777213789, "_timestamp": 1752621407.173154, "_runtime": 15.186827182769775, "_step": 0, "_wandb": {"runtime": 14}}