{"accuracy": 0.0, "ARI": 0.712742980561555, "NMI": 0.8571428571428577, "normalized_loss": 0.08152452153285156, "reconstruction_error": 0.2020524353212961, "proportion_negatives": 0.0, "_timestamp": 1752694760.219457, "_runtime": 24.304035902023315, "_step": 0, "_wandb": {"runtime": 24}}