{"accuracy": 0.25, "ARI": 1.0, "NMI": 1.0, "normalized_loss": 0.11563992075902144, "reconstruction_error": 0.1990949141515193, "proportion_negatives": 0.0, "_timestamp": 1752687023.567564, "_runtime": 11.259448051452637, "_step": 0, "_wandb": {"runtime": 11}}