{"accuracy": 0.16666666666666666, "ARI": 0.07277332830191953, "NMI": 0.1422566192665767, "reconstruction_error": 0.6689930420896941, "_timestamp": 1752623985.0089421, "_runtime": 16.219675064086914, "_step": 0, "_wandb": {"runtime": 15}}