{"accuracy": 0.0, "ARI": 0.712742980561555, "NMI": 0.8571428571428577, "normalized_loss": 0.09625593515237604, "reconstruction_error": 0.2093329432976721, "proportion_negatives": 0.0, "_timestamp": 1752694811.619224, "_runtime": 39.65065312385559, "_step": 0, "_wandb": {"runtime": 39}}