{"accuracy": 0.25, "ARI": 1.0, "NMI": 1.0, "normalized_loss": 0.08097251274275531, "reconstruction_error": 0.19468695621380847, "proportion_negatives": 0.0, "_timestamp": 1752691271.569113, "_runtime": 15.103550910949707, "_step": 0, "_wandb": {"runtime": 15}}