{"accuracy": 0.25, "ARI": 1.0, "NMI": 1.0, "normalized_loss": 0.08565777142098274, "reconstruction_error": 0.20546750266875086, "proportion_negatives": 0.0, "_timestamp": 1752705911.003958, "_runtime": 4.952102899551392, "_step": 0, "_wandb": {"runtime": 4}}