{"accuracy": 0.25, "ARI": 1.0, "NMI": 1.0, "normalized_loss": 0.11908877369254135, "reconstruction_error": 0.21289449755216386, "proportion_negatives": 0.0, "_timestamp": 1752696957.0712361, "_runtime": 13.791790246963501, "_step": 0, "_wandb": {"runtime": 13}}