{"accuracy": 0.42857142857142855, "ARI": 0.996654657912852, "NMI": 0.9958850147490756, "reconstruction_error": 0.11513004422582394, "_timestamp": 1752624867.745517, "_runtime": 4.440656900405884, "_step": 0, "_wandb": {"runtime": 4}}