{"accuracy": 0.25, "ARI": 1.0, "NMI": 1.0, "normalized_loss": 0.10192342290505117, "reconstruction_error": 0.19880012605153424, "proportion_negatives": 0.0, "_timestamp": 1752691870.664138, "_runtime": 6.512224197387695, "_step": 0, "_wandb": {"runtime": 7}}