{"accuracy": 0.25, "ARI": 1.0, "NMI": 1.0, "normalized_loss": 0.07323630220587025, "reconstruction_error": 0.20363603840086586, "proportion_negatives": 0.0, "_timestamp": 1752702693.390095, "_runtime": 7.394327878952026, "_step": 0, "_wandb": {"runtime": 7}}