{"accuracy": 0.4825, "ARI": 0.9279070184310471, "NMI": 0.9034430266069197, "reconstruction_error": 0.20049881862646365, "_timestamp": 1752612679.407755, "_runtime": 12.287450790405273, "_step": 0, "_wandb": {"runtime": 12}}