{"accuracy": 0.16, "ARI": 0.11012238900388915, "NMI": 0.18839847467918322, "reconstruction_error": 0.6586095853745713, "_timestamp": 1752623501.933833, "_runtime": 15.082289934158325, "_step": 0, "_wandb": {"runtime": 14}}