{"accuracy": 0.19666666666666666, "ARI": 0.03556503417329478, "NMI": 0.06560540259580581, "reconstruction_error": 0.6801511877041364, "_timestamp": 1752622346.8302069, "_runtime": 13.971583843231201, "_step": 0, "_wandb": {"runtime": 13}}