{"accuracy": 0.0, "ARI": 0.712742980561555, "NMI": 0.8571428571428577, "normalized_loss": 0.09000674665882688, "reconstruction_error": 0.20879299940319737, "proportion_negatives": 0.0, "_timestamp": 1752690268.804054, "_runtime": 14.810725927352905, "_step": 0, "_wandb": {"runtime": 15}}