{"accuracy": 0.25, "ARI": 1.0, "NMI": 1.0, "normalized_loss": 0.10182082955271497, "reconstruction_error": 0.19375206302001774, "proportion_negatives": 0.0, "_timestamp": 1752687800.906894, "_runtime": 47.27606391906738, "_step": 0, "_wandb": {"runtime": 47}}