{"accuracy": 0.07666666666666666, "ARI": 0.07282194551782442, "NMI": 0.11942750495294538, "reconstruction_error": 0.6625629448620122, "_timestamp": 1752621349.5206091, "_runtime": 14.329622030258179, "_step": 0, "_wandb": {"runtime": 14}}