{"accuracy": 0.25, "ARI": 1.0, "NMI": 1.0, "normalized_loss": 0.0802981012191889, "reconstruction_error": 0.21829897608678128, "proportion_negatives": 0.0, "_timestamp": 1752694724.480324, "_runtime": 29.785444974899292, "_step": 0, "_wandb": {"runtime": 30}}