{"accuracy": 0.15, "ARI": 0.07164804899855101, "NMI": 0.10297735153226263, "reconstruction_error": 0.6832059354332314, "_timestamp": 1752623044.640256, "_runtime": 13.281452894210815, "_step": 0, "_wandb": {"runtime": 12}}