{"accuracy": 0.13, "ARI": 0.08566565862247104, "NMI": 0.12515032236621534, "reconstruction_error": 0.6826122369459088, "_timestamp": 1752621296.313165, "_runtime": 12.798828840255737, "_step": 0, "_wandb": {"runtime": 12}}