{"accuracy": 0.5, "ARI": 1.0, "NMI": 1.0, "reconstruction_error": 0.11863088849347996, "_timestamp": 1752624839.20451, "_runtime": 2.482553005218506, "_step": 0, "_wandb": {"runtime": 3}}