{"accuracy": 0.25, "ARI": 1.0, "NMI": 1.0, "normalized_loss": 0.10403913699887611, "reconstruction_error": 0.20128587671290274, "proportion_negatives": 0.0, "_timestamp": 1752695157.1289222, "_runtime": 5.07972526550293, "_step": 0, "_wandb": {"runtime": 5}}