{"accuracy": 0.25, "ARI": 1.0, "NMI": 1.0, "normalized_loss": 0.07043880417456777, "reconstruction_error": 0.19522321332656176, "proportion_negatives": 0.0, "_timestamp": 1752703740.111647, "_runtime": 11.480599880218506, "_step": 0, "_wandb": {"runtime": 11}}