{"accuracy": 0.17666666666666667, "ARI": 0.09016196647796623, "NMI": 0.1320234735701613, "reconstruction_error": 0.6520991432044918, "_timestamp": 1752622234.7670898, "_runtime": 15.806206941604614, "_step": 0, "_wandb": {"runtime": 15}}