{"accuracy": 0.0, "ARI": 0.712742980561555, "NMI": 0.8571428571428577, "normalized_loss": 0.09172712775879986, "reconstruction_error": 0.20463597491234653, "proportion_negatives": 0.0, "_timestamp": 1752692684.709749, "_runtime": 28.439959049224854, "_step": 0, "_wandb": {"runtime": 28}}